-- MySQL Administrator dump 1.4
--
-- ------------------------------------------------------
-- Server version	5.1.51-community


/*!40101 SET @OLD_CHARACTER_SET_CLIENT=@@CHARACTER_SET_CLIENT */;
/*!40101 SET @OLD_CHARACTER_SET_RESULTS=@@CHARACTER_SET_RESULTS */;
/*!40101 SET @OLD_COLLATION_CONNECTION=@@COLLATION_CONNECTION */;
/*!40101 SET NAMES utf8 */;

/*!40014 SET @OLD_UNIQUE_CHECKS=@@UNIQUE_CHECKS, UNIQUE_CHECKS=0 */;
/*!40014 SET @OLD_FOREIGN_KEY_CHECKS=@@FOREIGN_KEY_CHECKS, FOREIGN_KEY_CHECKS=0 */;
/*!40101 SET @OLD_SQL_MODE=@@SQL_MODE, SQL_MODE='NO_AUTO_VALUE_ON_ZERO' */;


--
-- Create schema sico
--

CREATE DATABASE IF NOT EXISTS sico;
USE sico;

--
-- Temporary table structure for view `personasjuridicas`
--
DROP TABLE IF EXISTS `personasjuridicas`;
DROP VIEW IF EXISTS `personasjuridicas`;
CREATE TABLE `personasjuridicas` (
  `RazonSocial` varchar(120),
  `telefono` int(11),
  `direccion` varchar(150),
  `correo` varchar(45),
  `RTN` varchar(14),
  `id` int(11),
  `telefono2` int(11)
);

--
-- Temporary table structure for view `personasnaturales`
--
DROP TABLE IF EXISTS `personasnaturales`;
DROP VIEW IF EXISTS `personasnaturales`;
CREATE TABLE `personasnaturales` (
  `telefono` int(11),
  `direccion` varchar(150),
  `correo` varchar(45),
  `RTN` varchar(14),
  `usu` int(11),
  `fmodif` date,
  `NombreCompleto` varchar(120),
  `identificacion` varchar(120),
  `tipoidentidad` varchar(1),
  `id` int(11),
  `telefono2` int(11)
);

--
-- Temporary table structure for view `ventidades`
--
DROP TABLE IF EXISTS `ventidades`;
DROP VIEW IF EXISTS `ventidades`;
CREATE TABLE `ventidades` (
  `IdEntidad` int(11),
  `telefono` int(11),
  `direccion` varchar(150),
  `correo` varchar(45),
  `espersonanatural` int(1) unsigned,
  `rtn` varchar(14),
  `entidadnombre` varchar(120),
  `identificacion` varchar(120),
  `tipoidentidad` varchar(1),
  `telefono2` int(11)
);

--
-- Temporary table structure for view `vproductos`
--
DROP TABLE IF EXISTS `vproductos`;
DROP VIEW IF EXISTS `vproductos`;
CREATE TABLE `vproductos` (
  `idproductos` int(11),
  `codigo` varchar(45),
  `descripcion` varchar(45),
  `precioventa` decimal(15,2),
  `usu` int(11),
  `fmodif` datetime
);

--
-- Definition of table `clientes`
--

DROP TABLE IF EXISTS `clientes`;
CREATE TABLE `clientes` (
  `id` int(11) NOT NULL AUTO_INCREMENT,
  `identidades` int(11) NOT NULL,
  `usu` int(11) NOT NULL,
  `fmodif` datetime NOT NULL,
  `estado` int(1) unsigned DEFAULT NULL,
  PRIMARY KEY (`id`),
  UNIQUE KEY `Entidad_Unica` (`identidades`),
  KEY `fk_Clientes_Entidades1` (`identidades`),
  CONSTRAINT `fk_Clientes_Entidades1` FOREIGN KEY (`identidades`) REFERENCES `entidades` (`id`) ON DELETE NO ACTION ON UPDATE NO ACTION
) ENGINE=InnoDB AUTO_INCREMENT=6 DEFAULT CHARSET=latin1;

--
-- Dumping data for table `clientes`
--

/*!40000 ALTER TABLE `clientes` DISABLE KEYS */;
INSERT INTO `clientes` VALUES  (1,4,2,'2011-02-07 00:00:00',NULL),
 (2,8,2,'2011-02-09 22:32:06',NULL),
 (3,6,2,'2011-02-07 00:00:00',NULL),
 (4,22,2,'2011-02-07 21:43:56',NULL),
 (5,24,2,'2011-02-09 22:33:56',NULL);
/*!40000 ALTER TABLE `clientes` ENABLE KEYS */;


--
-- Definition of table `departamentos`
--

DROP TABLE IF EXISTS `departamentos`;
CREATE TABLE `departamentos` (
  `id` int(11) NOT NULL AUTO_INCREMENT,
  `descripcion` varchar(45) NOT NULL,
  `habilitado` int(1) NOT NULL,
  `usu` int(11) NOT NULL,
  `fmodif` datetime NOT NULL,
  PRIMARY KEY (`id`),
  UNIQUE KEY `Descripcion` (`descripcion`) USING BTREE
) ENGINE=InnoDB AUTO_INCREMENT=42 DEFAULT CHARSET=latin1;

--
-- Dumping data for table `departamentos`
--

/*!40000 ALTER TABLE `departamentos` DISABLE KEYS */;
INSERT INTO `departamentos` VALUES  (34,'Comayagua',1,1,'2011-01-16 00:00:00'),
 (35,'Francisco Morazan',1,1,'2011-01-09 00:00:00'),
 (37,'Copan',1,1,'2011-01-09 00:00:00'),
 (38,'Cortes',1,1,'2011-01-09 00:00:00'),
 (39,'La Paz',1,1,'2011-01-16 00:00:00'),
 (40,'Choluteca',0,2,'2011-01-31 00:00:00'),
 (41,'Valle',1,2,'2011-02-19 00:00:00');
/*!40000 ALTER TABLE `departamentos` ENABLE KEYS */;


--
-- Definition of table `entidades`
--

DROP TABLE IF EXISTS `entidades`;
CREATE TABLE `entidades` (
  `id` int(11) NOT NULL AUTO_INCREMENT,
  `telefono` int(11) DEFAULT NULL,
  `direccion` varchar(150) DEFAULT NULL,
  `correo` varchar(45) DEFAULT NULL,
  `espersonanatural` int(1) unsigned NOT NULL,
  `RTN` varchar(14) DEFAULT NULL,
  `usu` int(11) NOT NULL,
  `fmodif` date NOT NULL,
  `entidadnombre` varchar(120) NOT NULL,
  `identificacion` varchar(120) NOT NULL,
  `tipoidentidad` varchar(1) NOT NULL COMMENT 'I identidad, R resiendica',
  `telefono2` int(11) DEFAULT NULL,
  PRIMARY KEY (`id`),
  UNIQUE KEY `Identificacion` (`identificacion`,`tipoidentidad`) USING BTREE,
  UNIQUE KEY `Nombre` (`entidadnombre`) USING BTREE
) ENGINE=InnoDB AUTO_INCREMENT=25 DEFAULT CHARSET=latin1;

--
-- Dumping data for table `entidades`
--

/*!40000 ALTER TABLE `entidades` DISABLE KEYS */;
INSERT INTO `entidades` VALUES  (4,27729729,'col. miraflores tegucigalpacol. miraflores tegucigalpacol. miraflores tegucigalpacol. miraflores tegucigalpacol. miraflores tegucigalpacol. miraflores','saulmadiqg@aksdfjk.com',1,'08011988125246',2,'2011-02-07','saul antonio mayorquin diaz&','0801-1988-12524','I',96330670),
 (5,NULL,NULL,NULL,1,NULL,2,'2011-02-09','asdf asdf asdf%','34f83cac-180f-4355-89e3-f0dce27714fe','N',NULL),
 (6,4322340,'aaklsdfjakl','sad@jfsdk.com',0,'REWIE',2,'2011-02-09','Varideades Canezu','a34de009-959e-4fdb-ade4-366fbfd7a1f0','J',34872342),
 (7,NULL,NULL,NULL,1,NULL,1,'2011-01-27','carlos diaz@','0301-1989-12345','I',NULL),
 (8,34234,'fdsdfsdfsdf',NULL,0,NULL,2,'2011-02-09','ENEE','dcc75552-7454-4f88-9829-c124225baac2','J',342443),
 (9,NULL,NULL,NULL,1,'S33DD343',2,'2011-02-09','Pamela castro@','fdfdfd','R',NULL),
 (10,NULL,NULL,NULL,1,'KSADFSJ43342',2,'2011-01-28','carlo madrid@','skd243','R',NULL),
 (11,NULL,NULL,NULL,1,NULL,2,'2011-01-28','carlos maldonado@','21ddf','R',NULL),
 (12,NULL,NULL,NULL,0,NULL,2,'2011-01-29','varideade cksdfjadfskj','70526885-db46-46d8-a64c-d90d45c1963e','J',NULL),
 (13,NULL,NULL,NULL,0,NULL,2,'2011-01-29','variedades jkasdfjkdfsldfkj','f6386566-4909-44e5-ad17-a43e3d48bd1c','J',NULL),
 (14,NULL,NULL,NULL,0,NULL,2,'2011-02-09','variedades kdfsjkdfsjlkdsjf','5cd12777-9003-4371-b5b6-098d0ee955bd','J',NULL),
 (15,NULL,NULL,NULL,0,NULL,2,'2011-01-29','variedades kdsfjaiorjewkjdsklfj','a7414e96-4e36-4a7a-b285-6f57d8c25ec4','J',NULL),
 (16,NULL,NULL,NULL,0,NULL,2,'2011-01-29','variedades kdjfskljsdlldfskj','30a6e721-0247-4b34-9b32-efb4219afa98','J',NULL),
 (17,NULL,NULL,NULL,0,NULL,2,'2011-01-29','variedades asdkfjdsfkljlakjfkljdsfkjlas','1a969030-ace7-4cdd-9d61-4c34b2285db6','J',NULL),
 (18,4323434,'blv. 4to Centenario, frente a instituto leon alvarado asdasdf asdasdfasdf',NULL,0,NULL,2,'2011-02-13','Colmotos Sucursal','afb8b1a2-ecfa-47bf-823c-4d3ed9f485fd','J',3423324),
 (19,42342,'424324',NULL,0,NULL,2,'2011-02-02','Colomotos Principal','e2f65f96-99d8-459d-b927-858bfdaef286','J',432324),
 (20,42432,NULL,NULL,1,'4DFS',2,'2011-02-03','Carlos recarte@','423','R',4323),
 (21,323432,NULL,NULL,0,NULL,2,'2011-02-03','Ultra Motor','52c4467a-93e7-4e9c-9e1f-fcf64283363c','J',424234),
 (22,434342,NULL,NULL,0,NULL,2,'2011-02-07','SANAA','0b1dc0fa-70a9-4b02-badb-05ef777d85dc','J',34234234),
 (23,NULL,NULL,NULL,1,NULL,2,'2011-02-09','Raul Valladares@','189e0c80-2b7d-49f5-8841-f61c0b9c814e','N',NULL),
 (24,NULL,NULL,NULL,1,NULL,2,'2011-02-09','Hector valladares@','04c13af7-a6bd-4033-aaaf-d5b88fab4dc5','N',NULL);
/*!40000 ALTER TABLE `entidades` ENABLE KEYS */;


--
-- Definition of table `facturadetalle`
--

DROP TABLE IF EXISTS `facturadetalle`;
CREATE TABLE `facturadetalle` (
  `id` int(11) NOT NULL AUTO_INCREMENT,
  `idfacturaencabezado` int(11) NOT NULL,
  `idproductos` int(11) NOT NULL,
  `cantidad` int(11) DEFAULT NULL,
  `precioventa` decimal(10,4) DEFAULT NULL,
  PRIMARY KEY (`id`),
  UNIQUE KEY `factura_Productos` (`idfacturaencabezado`,`idproductos`),
  KEY `fk_FacturaDetalle_FacturaEncabezado1` (`idfacturaencabezado`),
  KEY `fk_FacturaDetalle_Productos1` (`idproductos`),
  CONSTRAINT `fk_FacturaDetalle_FacturaEncabezado1` FOREIGN KEY (`idfacturaencabezado`) REFERENCES `facturaencabezado` (`id`) ON DELETE NO ACTION ON UPDATE NO ACTION,
  CONSTRAINT `fk_FacturaDetalle_Productos1` FOREIGN KEY (`idproductos`) REFERENCES `productos` (`id`) ON DELETE NO ACTION ON UPDATE NO ACTION
) ENGINE=InnoDB DEFAULT CHARSET=latin1;

--
-- Dumping data for table `facturadetalle`
--

/*!40000 ALTER TABLE `facturadetalle` DISABLE KEYS */;
/*!40000 ALTER TABLE `facturadetalle` ENABLE KEYS */;


--
-- Definition of table `facturaencabezado`
--

DROP TABLE IF EXISTS `facturaencabezado`;
CREATE TABLE `facturaencabezado` (
  `id` int(11) NOT NULL AUTO_INCREMENT,
  `idsucursales` int(11) NOT NULL,
  `numerofactura` int(11) DEFAULT NULL,
  `idclientes` int(11) DEFAULT NULL,
  `fecha` date DEFAULT NULL,
  `idtiposfacturas` int(11) NOT NULL,
  `total` decimal(10,4) NOT NULL,
  `isv` decimal(10,4) NOT NULL,
  `subtotal` decimal(10,4) NOT NULL,
  `descuentovalor` decimal(10,4) DEFAULT NULL,
  `descuento` int(11) DEFAULT NULL,
  `ventaexenta` tinyint(1) DEFAULT NULL,
  `enproceso` tinyint(1) DEFAULT NULL,
  `usu` int(11) NOT NULL,
  `fmodif` date NOT NULL,
  PRIMARY KEY (`id`),
  UNIQUE KEY `numeroFactura_Suscursal` (`numerofactura`,`idsucursales`),
  KEY `fk_FacturaEncabezado_Sucursales1` (`idsucursales`),
  KEY `fk_FacturaEncabezado_Clientes1` (`idclientes`),
  KEY `fk_FacturaEncabezado_Tiposfacturas1` (`idtiposfacturas`),
  CONSTRAINT `fk_FacturaEncabezado_Clientes1` FOREIGN KEY (`idclientes`) REFERENCES `clientes` (`id`) ON DELETE NO ACTION ON UPDATE NO ACTION,
  CONSTRAINT `fk_FacturaEncabezado_Sucursales1` FOREIGN KEY (`idsucursales`) REFERENCES `sucursales` (`id`) ON DELETE NO ACTION ON UPDATE NO ACTION,
  CONSTRAINT `fk_FacturaEncabezado_Tiposfacturas1` FOREIGN KEY (`idtiposfacturas`) REFERENCES `tiposfacturas` (`id`) ON DELETE NO ACTION ON UPDATE NO ACTION
) ENGINE=InnoDB DEFAULT CHARSET=latin1;

--
-- Dumping data for table `facturaencabezado`
--

/*!40000 ALTER TABLE `facturaencabezado` DISABLE KEYS */;
/*!40000 ALTER TABLE `facturaencabezado` ENABLE KEYS */;


--
-- Definition of table `inventario`
--

DROP TABLE IF EXISTS `inventario`;
CREATE TABLE `inventario` (
  `id` int(11) NOT NULL AUTO_INCREMENT,
  `idproductos` int(11) NOT NULL,
  `idsucursales` int(11) NOT NULL,
  `cantidad` int(11) NOT NULL,
  `usu` int(11) DEFAULT NULL,
  `fmodif` datetime NOT NULL,
  PRIMARY KEY (`id`),
  UNIQUE KEY `Productos_Sucursal` (`idproductos`,`idsucursales`),
  KEY `fk_Inventario_Productos1` (`idproductos`),
  KEY `fk_Inventario_Sucursales1` (`idsucursales`),
  CONSTRAINT `fk_Inventario_Productos1` FOREIGN KEY (`idproductos`) REFERENCES `productos` (`id`) ON DELETE NO ACTION ON UPDATE NO ACTION,
  CONSTRAINT `fk_Inventario_Sucursales1` FOREIGN KEY (`idsucursales`) REFERENCES `sucursales` (`id`) ON DELETE NO ACTION ON UPDATE NO ACTION
) ENGINE=InnoDB AUTO_INCREMENT=3 DEFAULT CHARSET=latin1;

--
-- Dumping data for table `inventario`
--

/*!40000 ALTER TABLE `inventario` DISABLE KEYS */;
INSERT INTO `inventario` VALUES  (1,2,1,363,2,'2011-02-19 03:02:07'),
 (2,2,2,12,2,'2011-02-19 00:00:00');
/*!40000 ALTER TABLE `inventario` ENABLE KEYS */;


--
-- Definition of table `marcas`
--

DROP TABLE IF EXISTS `marcas`;
CREATE TABLE `marcas` (
  `id` int(11) NOT NULL AUTO_INCREMENT,
  `descripcion` varchar(45) NOT NULL,
  `habilitado` int(1) NOT NULL,
  `usu` int(11) NOT NULL,
  `fmodif` datetime NOT NULL,
  PRIMARY KEY (`id`),
  UNIQUE KEY `Descripción` (`descripcion`)
) ENGINE=InnoDB AUTO_INCREMENT=12 DEFAULT CHARSET=latin1;

--
-- Dumping data for table `marcas`
--

/*!40000 ALTER TABLE `marcas` DISABLE KEYS */;
INSERT INTO `marcas` VALUES  (10,'KMF',1,1,'2011-01-09 00:00:00'),
 (11,'YAMAHA',1,1,'2011-01-09 00:00:00');
/*!40000 ALTER TABLE `marcas` ENABLE KEYS */;


--
-- Definition of table `modelos`
--

DROP TABLE IF EXISTS `modelos`;
CREATE TABLE `modelos` (
  `id` int(11) NOT NULL AUTO_INCREMENT,
  `descripcion` varchar(45) NOT NULL,
  `habilitado` int(1) NOT NULL,
  `idderivada` int(11) NOT NULL,
  `usu` int(11) NOT NULL,
  `fmodif` datetime NOT NULL,
  PRIMARY KEY (`id`),
  KEY `fk_Modelos_Marcas1` (`idderivada`),
  KEY `Descripcion` (`descripcion`),
  CONSTRAINT `fk_Modelos_Marcas1` FOREIGN KEY (`idderivada`) REFERENCES `marcas` (`id`) ON DELETE NO ACTION ON UPDATE NO ACTION
) ENGINE=InnoDB AUTO_INCREMENT=2 DEFAULT CHARSET=latin1;

--
-- Dumping data for table `modelos`
--

/*!40000 ALTER TABLE `modelos` DISABLE KEYS */;
INSERT INTO `modelos` VALUES  (1,'YZ250M',1,11,1,'2011-01-12 00:00:00');
/*!40000 ALTER TABLE `modelos` ENABLE KEYS */;


--
-- Definition of table `motocicletas`
--

DROP TABLE IF EXISTS `motocicletas`;
CREATE TABLE `motocicletas` (
  `id` int(11) NOT NULL,
  `motor` varchar(45) NOT NULL,
  `chasis` varchar(45) NOT NULL,
  `idmarcas` int(11) NOT NULL,
  `idmodelos` int(11) NOT NULL,
  `idtiposmotocicletas` int(11) NOT NULL,
  `idsucurasales` int(11) NOT NULL,
  `cilindraje` int(11) NOT NULL,
  `anio` int(11) NOT NULL,
  `precioventa` decimal(10,4) NOT NULL,
  `preciocompra` decimal(10,4) NOT NULL,
  `fechaIngreso` date DEFAULT NULL,
  `usu` int(11) NOT NULL,
  `fmodif` date NOT NULL,
  PRIMARY KEY (`id`),
  UNIQUE KEY `motor_UNIQUE` (`motor`),
  UNIQUE KEY `chasis_UNIQUE` (`chasis`),
  KEY `fk_Motocicletas_Marcas1` (`idmarcas`),
  KEY `fk_Motocicletas_Modelos1` (`idmodelos`),
  KEY `fk_Motocicletas_TiposMotocicletas1` (`idtiposmotocicletas`),
  KEY `fk_Motocicletas_Sucursales1` (`idsucurasales`),
  CONSTRAINT `fk_Motocicletas_Marcas1` FOREIGN KEY (`idmarcas`) REFERENCES `marcas` (`id`) ON DELETE NO ACTION ON UPDATE NO ACTION,
  CONSTRAINT `fk_Motocicletas_Modelos1` FOREIGN KEY (`idmodelos`) REFERENCES `modelos` (`id`) ON DELETE NO ACTION ON UPDATE NO ACTION,
  CONSTRAINT `fk_Motocicletas_Sucursales1` FOREIGN KEY (`idsucurasales`) REFERENCES `sucursales` (`id`) ON DELETE NO ACTION ON UPDATE NO ACTION,
  CONSTRAINT `fk_Motocicletas_TiposMotocicletas1` FOREIGN KEY (`idtiposmotocicletas`) REFERENCES `tiposmotocicletas` (`id`) ON DELETE NO ACTION ON UPDATE NO ACTION
) ENGINE=InnoDB DEFAULT CHARSET=latin1;

--
-- Dumping data for table `motocicletas`
--

/*!40000 ALTER TABLE `motocicletas` DISABLE KEYS */;
/*!40000 ALTER TABLE `motocicletas` ENABLE KEYS */;


--
-- Definition of table `motocicletasimagenes`
--

DROP TABLE IF EXISTS `motocicletasimagenes`;
CREATE TABLE `motocicletasimagenes` (
  `id` int(11) NOT NULL,
  `imagen` longblob,
  `usu` int(11) NOT NULL,
  `fmodif` date NOT NULL,
  PRIMARY KEY (`id`),
  KEY `Motocicletas_Imagenes` (`id`),
  CONSTRAINT `Motocicletas_Imagenes` FOREIGN KEY (`id`) REFERENCES `motocicletas` (`id`) ON DELETE NO ACTION ON UPDATE NO ACTION
) ENGINE=InnoDB DEFAULT CHARSET=latin1;

--
-- Dumping data for table `motocicletasimagenes`
--

/*!40000 ALTER TABLE `motocicletasimagenes` DISABLE KEYS */;
/*!40000 ALTER TABLE `motocicletasimagenes` ENABLE KEYS */;


--
-- Definition of table `municipios`
--

DROP TABLE IF EXISTS `municipios`;
CREATE TABLE `municipios` (
  `id` int(11) NOT NULL AUTO_INCREMENT,
  `descripcion` varchar(45) NOT NULL,
  `idderivada` int(11) NOT NULL,
  `habilitado` int(1) unsigned NOT NULL,
  `usu` int(11) NOT NULL,
  `fmodif` datetime NOT NULL,
  PRIMARY KEY (`id`),
  KEY `fk_Municipio_Departamentos1` (`idderivada`),
  CONSTRAINT `fk_Municipio_Departamentos1` FOREIGN KEY (`idderivada`) REFERENCES `departamentos` (`id`) ON DELETE NO ACTION ON UPDATE NO ACTION
) ENGINE=InnoDB AUTO_INCREMENT=13 DEFAULT CHARSET=latin1;

--
-- Dumping data for table `municipios`
--

/*!40000 ALTER TABLE `municipios` DISABLE KEYS */;
INSERT INTO `municipios` VALUES  (2,'Lepaterique',37,1,1,'2011-01-12 00:00:00'),
 (3,'San Juan del Potrero',34,0,1,'2011-01-13 00:00:00'),
 (4,'fgsd',37,1,1,'2011-01-12 00:00:00'),
 (6,'Ojona',35,1,1,'2011-01-13 00:00:00'),
 (7,'Talanga',35,1,1,'2011-01-13 00:00:00'),
 (8,'La paz',39,0,1,'2011-01-16 00:00:00'),
 (9,'Salama',35,1,1,'2011-01-26 00:00:00'),
 (10,'San Antonio',34,1,2,'2011-01-31 00:00:00'),
 (11,'Comayagua',34,1,2,'2011-01-31 00:00:00'),
 (12,'San Pedro Sula',38,1,2,'2011-01-31 00:00:00');
/*!40000 ALTER TABLE `municipios` ENABLE KEYS */;


--
-- Definition of table `productos`
--

DROP TABLE IF EXISTS `productos`;
CREATE TABLE `productos` (
  `id` int(11) NOT NULL AUTO_INCREMENT,
  `codigo` varchar(45) NOT NULL,
  `descripcion` varchar(45) NOT NULL,
  `preciocosto` decimal(15,2) DEFAULT NULL,
  `precioventa` decimal(15,2) NOT NULL,
  `usu` int(11) NOT NULL,
  `fmodif` datetime NOT NULL,
  PRIMARY KEY (`id`),
  UNIQUE KEY `Codigo_unico` (`codigo`),
  UNIQUE KEY `Descripcion_Unica` (`descripcion`)
) ENGINE=InnoDB AUTO_INCREMENT=7 DEFAULT CHARSET=latin1;

--
-- Dumping data for table `productos`
--

/*!40000 ALTER TABLE `productos` DISABLE KEYS */;
INSERT INTO `productos` VALUES  (1,'asdfadf','dfsadf',NULL,'11.00',2,'2011-02-11 20:48:51'),
 (2,'XXX-XXX','Abrazadera',NULL,'11454.00',2,'2011-02-19 19:07:57'),
 (3,'d','d',NULL,'145849111.11',2,'2011-02-11 21:17:42'),
 (5,'hhj-jjkk-klk-df','cluch',NULL,'465.45',2,'2011-02-12 00:54:50'),
 (6,'fsadf','hule de hierro',NULL,'123.00',2,'2011-02-13 19:36:52');
/*!40000 ALTER TABLE `productos` ENABLE KEYS */;


--
-- Definition of table `productosimagenes`
--

DROP TABLE IF EXISTS `productosimagenes`;
CREATE TABLE `productosimagenes` (
  `id` int(11) NOT NULL,
  `imagen` longblob,
  `usu` int(11) NOT NULL,
  `fmodif` date NOT NULL,
  PRIMARY KEY (`id`),
  KEY `Producto_Imagenes` (`id`),
  CONSTRAINT `Producto_Imagenes` FOREIGN KEY (`id`) REFERENCES `productos` (`id`) ON DELETE NO ACTION ON UPDATE NO ACTION
) ENGINE=InnoDB DEFAULT CHARSET=latin1;

--
-- Dumping data for table `productosimagenes`
--

/*!40000 ALTER TABLE `productosimagenes` DISABLE KEYS */;
INSERT INTO `productosimagenes` VALUES  (2,0xFFD8FFE000104A46494600010101006000600000FFDB004300080606070605080707070909080A0C140D0C0B0B0C1912130F141D1A1F1E1D1A1C1C20242E2720222C231C1C2837292C30313434341F27393D38323C2E333432FFDB0043010909090C0B0C180D0D1832211C213232323232323232323232323232323232323232323232323232323232323232323232323232323232323232323232323232FFC00011080120014003012200021101031101FFC4001F0000010501010101010100000000000000000102030405060708090A0BFFC400B5100002010303020403050504040000017D01020300041105122131410613516107227114328191A1082342B1C11552D1F02433627282090A161718191A25262728292A3435363738393A434445464748494A535455565758595A636465666768696A737475767778797A838485868788898A92939495969798999AA2A3A4A5A6A7A8A9AAB2B3B4B5B6B7B8B9BAC2C3C4C5C6C7C8C9CAD2D3D4D5D6D7D8D9DAE1E2E3E4E5E6E7E8E9EAF1F2F3F4F5F6F7F8F9FAFFC4001F0100030101010101010101010000000000000102030405060708090A0BFFC400B51100020102040403040705040400010277000102031104052131061241510761711322328108144291A1B1C109233352F0156272D10A162434E125F11718191A262728292A35363738393A434445464748494A535455565758595A636465666768696A737475767778797A82838485868788898A92939495969798999AA2A3A4A5A6A7A8A9AAB2B3B4B5B6B7B8B9BAC2C3C4C5C6C7C8C9CAD2D3D4D5D6D7D8D9DAE2E3E4E5E6E7E8E9EAF2F3F4F5F6F7F8F9FAFFDA000C03010002110311003F00F7FA28A2800A28A2800A28A2800A28A2800A28A2800A28A2800A28A2800A28A2800A28A2800A28A2800A28A2800A28A2800A28A2800A28A2800A28A2800A28A2800A28A2800A28A2800A28A2800A28A2800A28A2800A28A2800A28A2800A28A2800A28A2800A28A2800A28A2800A4A09C726BC47C6DF1275A6F114B63E1DB90905BFCACEAA1B71EFD7D2A2738C15E45420E6ED13DBF38ACBD67C45A5E836AF3EA1771C4AA33B739623D877AF077F1DF8BF51B17D2AF2E76890E5E751B5F6FA0C567259E64325C4D2DC376F39CBE3E99AE3AB985286DAB3AE9606A4F7D0F55BFF008BB6314A834DD3EE2F6265C97CF9783E98350C7F1794CCAB2E893A464F2FE68381F4AF3A180300714135E7BCD2ADF448EE596D3B6AD9EF9A178974CF1142F269F3EF2870C8C30C3F0AB971AA595AC9E54D731ACB8C88F77CC7E82BE7CB0D62E3C3BA826A9671F992A02BE5E480F9F5C5747E09F13E7C46F26B76D6C24B9DF299DD8B18C0E428CF4FC2BD3C3E361562AFA33CFAF849D393B6A8F698E412C6AEB9C30C8C8C1A7572C3E22785F784FED35C9381F2375FCABA5B7B88AEA059A091648D864329C835D6A49ECCE5716B74494514531051451400514514005145140051451400514514005145140051451400514514005145140051451400514514005145140051451400550D46EAEE0091D95A79F33F4DC76A8FA9ABF58DE29D7E1F0DE8173A8CCD828B88F23AB1E82803CABE28788BC490DD59DAED934FCE72F6D3121B3EB5C3E8F6B25BC0ED36E32C8C5999BA93EB53ADD5EEB9A849AB6A32BBCB29E158F0A2AE1AF031D8AE76E11D8F730586E44A72DC28A4A0D79A7A026F5C9F9871D694B28EA4014EF0CF86A0F126A57F0C92CF16CE55A36E2AEEA5E0DB4B5BB5B57BDB9BB9BAF9108CB0FA9ED5D8B0B7B6A723C55AFA1969730B92038C838351BCD68F70A8EC8655FBB9EB5D84DA558C5A525B5EF87E78A14FF96A9F338F7E2974BD0BC1902B868AE6FC4AB82550BB467F0E86B58E0D5F76652C5B4B639665575C1008239AF4AF843A94F3E9F7FA6CADBA3B39008CE3B3735CEAFC378354BA61A3EBED0C44716F70BFBC5FA8F4AF47F04F8517C27A2FD91E449EE598B4B32AE37F3C66BBB05859D19B6DE871E2F130AD1492D4E9A8A28AF48F3C28A28A0028A28A0028A28A0028A28A0028A28A0028A28A0028A28A0028A28A0028A28A0028A28A0028A28A0028A28A0028A28A002B87F8AFA75C6A5E05BA8EDA232346CB2B01D957926BB8AF28F8D5ACEA1A7E9D65676B398A0B92DE6ED38240C719A89B4A2DB2A09B92B1E63A35DB5CD9AFC842AF00FAD69554D38C66CE3F2C8231CE3D6ADD7CAD569CDD91F4D4935057621200C9E82991C57BA8E22D3AD6599DF8076903F3A73B054249C002BD07E19DCCF73A1CBE68FDDA49888E31C56B87A6A776FA19626AB8249752AE81A3BF82FC37717974375EC9D141E727802BA5F0DE92D6767F6ABA01AFAE3E799CF5C9EC3DAAA6B84DE78934CB21CAC6DE6C8BEA3A574E06303B57A2F4479BBB119430208041EA0D73D2DB41E1ED405D41105B7B870B22A8E8C7BD7455475883CFD2AE100F9B612A40E87D6A53195759D212F61FB45B9315E45F3C72270723D7D6B73C35AC0D67488E660566426391588CEE1C13F8D6668B38B8D2603B8B15508C4F524706AAF864C761E2ED56D4E41BADB2C6A3A000735D7869B52E5673D78E9CC76D45145771CA1451450014514500145145001451450014514500145145001451450014514500145145001451450014514500145145001451450015C4FC47F0745E28D1C4BF68F26E2D159E366385F7CFE55DB551D66DBED9A2DE5B6C67F36164DA8704E476CD2924D598D369DD1F25E991DEDEEB634AD3D8BCDBF6B321CA8C77CFA5741AF5B6A3E179161B9BA864246727AD65787B41D48F8F7ECBA6CCF6AF13B0639059141E41ED9AF7ABDF09E95ADDB42BAB5AADD3460619B824FAF15E5D6852E649AD0F4294EA28B69EA7947863C31AB78B42DC4CDE4596793FDE1ED5ED5A56996DA45845676A81238C6062A7B5B586CADD20B78D6389061540E82A6ACF45A2564536DEECE60391F11595F1B0D88DB9F5DC6BA7AE3FC5C92E99A958EBD0A33A42DB2703FB9FFEB35B91EB96CF00999240A57702A85863EA2B47194926919F324ECCD4A64C4089C9E062B22DBC59A2DE4A6286F51A41D53F8BF2AA5E25F1469D63A64B1B5C059651B173C7278A8E496D62F9916BC28B2AE97279ADB89B890823D377151C25BFE167596CC6CFB1C9BF1EB918A9747D4F4F8747876CEAC1501765E4671CF34FF07C1FDA1ACEA1AD3440C2C4476B2E7AA8186FD6BA2845FB4B98D56940EDA8A4A5AF40E30A28A2800A28A2800A28A2800A28A2800A28A2800A28A2800A28A2800A28A2800A28A2800A28A2800A28A2800A28A2800A28A2800ACFD756E1B41BF5B40C6E0C0FE5853825B1C62B4291BEE9FA500786FC2AD264517BA95EA117924A6370DC9520E0F35EAC060015C8F82C6CB5BD46186FB74C71FF0002AEBABC8A9FC491E947E08851451500473C115CC0F0CC81E3718653DEB9C834DD67C36EE348912E6C0FFCBA4E7EEFD0D74F9A2B48549436265052DCE4E3BC0972F35B783523BD3D6578C0527D7239ACCBDD2B5097543A8EB165A55C6F188EDDDF013E9C735DFD715E3CB681EE349B8B98BCC8D2E15304F1962056EB13393B193A314AE5A1A5EA5A85A8B3FB2D8E9D60472B6DC971DC74E2BA5F095F5BB5B4DA64512C5259304745E983D0FE54F8A348A254450AAA3000ED58DA0DE4769E3BD46C84797BB4594BFA6D18AAA156539FBCC9AB4E318E877345145769CC145145001451450014514500145145001451450014514500145145001451450014514500145145001451450014514500145145001475A2A26BA812411BCD1AB9E8A5803F95007053C6344F195C5B98C456D7ABE64183C6E1F7BF9D7471BEF506B8FF00881A8C9AA6A6BA35AA79325A9595EEB1F329EA02FF005A9746F112EF8ECAEDB6DC80003D9FDEB8713879C7F7A968CEBA15E32FDDB7AA3ADA298922B8E0D3EB8D1D0CE5B59B6D7EDB515D4ACA51736F19C9B41C647B1F5A9F4DF196977CDE54F21B3B91F7A2B81B39F627AD7459AC19AC2DB5BBB9E0BFD2008D07CB3BA8CB7D0F5AB4D3DC977E86DA4A92286475653D0839AE5BE2002DA2DA04237FDBA1C7FDF55237816C11B75ADD5EC041CF13B11F966AC41E13805C472DD5D4F72233B95646E01F5A71B277B89DDAB1BB1822350C7270326B9DD12D9EEBE255E5E46A0C56D0F96EDBBA12011C55CD7B5FB7D1A158FF00D65DCC76430AFDE663D2B47C1BA1CDA569F25C5EA8FB7DDB79931073F41F80E2BA30B077E631AF256B1D28A28A2BB8E50A28A2800A28A2800A28A2800A28A2800A28A2800A28A2800A28A2800A28A2800A28A2800A28A2800A28A2800A28A2800A28AA7AA5F47A6E9B3DD4922279684A973804F61401CFEB3E2433DE49A4E9849947134C3A27B0F7ACA6D0ED6501A66965B80062776CB8FC6AA78695A6B79AFE54549AEA4323A8EC4D6ED75C6092B58E5949B77385B5B496DBC55756B7B7724EB26D31C921CB11E99ADEB8D0A286FA3D42D6353320C156FE21FE359BE27D35AF75BB01048619B0583AF5C8AE82EAF0699A6AC939DF22A81FEF35128A943925B0A3271973ADCCAD67C6FA7687A79B8BA1224DD04246189FF0ACAD0BE29AEA68F2358BB429DE33B9BF1146A51AEA963753EA5024B12C65802BC29AA5A7E996361221B1B6024907DC5E9F5AE386594D5EECEA9E613696875D67E3FD0AED0B79ED185FBC5D7183EF57078CFC3A47FC8560FCCD73A86E34AB8B7FECE8ED6396F1B6CD14F16E407FBD8F5AE86CBC4563688D06B3A727DA54FDEB7B4DC8C3D7A5632C0A4F7358E2F996C3478C74B99CC76265BD970484B74DC4D543A8F8AF59574D2746366071E6DE9D847B85EF5B5178C7C3F09578ACEE109E856CC83FCAA47F881A2C48CCEB78AA3A936CD4470915BEA37886F62BE81E0382CEE63D4F5799AFF541CF98FF00750FFB23B57655C64FE2BBCD413ED1A422C76A07DF9E3397FA0ED51D978BB5CF2C2DCE89E63027F789285047D0F35D0A9B4B4460E69BD59DBD15C35C7C40B8B797649A40001C1CDCA8207AE2B5B4BF1BE87AB5FF00D860BB0B738FB8E3193E80F7A1A6B71A927B1D1D140A290C28A28A0028A28A0028A28A0028A28A0028A28A0028A28A0028A28A0028A28A0028A28A0028A28A0028A28A002BCE3C6B7F1EA7AC7F64CB024B0428240EB21E1F3D081C7E75D178CBC48340D3552289A5BBB92638514E307D49ED5E65A2593417CD1C92BCB34ADE6C8EE72493EF5BD085E577B18569D9591DD584220B38D40C71D2ACD22A8540A3A014B5BB31472FE244BD8758D3EFEDD4BC10AB798BEBD2A2D4EF575A92CA3870612DB9813821C76AEA656848D92153938C1EF55E3D26CA1B8F3D2050FEB8A04D32AEABA709BC3F7169120DCF1E31EA6A2D174F16366B7170A04BB7A1FE1ADBAE53C51AB4B1DEC3636F22AB05F35C67EF0E98A2FA832ADE5C49A86BF6B1C60811C9E61FA74AED40E07D2B82B0736CC6EA4917CD639EBF747A569FFC240ED8FDFC7C7A55B8DC952B1D5554BCB2176D1EF72A8A725477AC35D6E756FF005A87D891505A7881E7BC512B064DED900FA5271683991D25D5DC1A740A5C8519C2A8EF5902E4DB3CF7DA85CFC92711C2A7EE8FF1AC8D735386E358801622244270DEB52699A25E6BD7F05D4CAD0D8C0E1D14F5723BFD2B0AD5614A1CD27AF636A34E556568EC5B6D4D26024874669D0FF1941C8FC6B3AE9F41D62558AE206B0BD4E6391414287EBDEBD25224450A14003DAB2BC43A15B6B3A5CD0B46A26DA4C7201CA9F6AF3639849BF7A2AC77BC1C52F75BB8FF00097882EE4B86D2353659268D3743700E04ABEFEF5D9578259EA575E1F8F4CBCD5943C967704360F3D31CFE15EE3A7DFDB6A76515DDA4C92C322865743915D938A4EEB639E12BAD772D514515058514514005145140051451400514514005145140051451400514514005145140051451400552D5B54B7D1B4C9EFEE8E22857271576BCD7E20DEC97DABDA68EA7FD1D079D2953D4F4DA455462E4EC8994B955CE78DC4FAB6A771ACDD97065FF0055139CF949E956BC349F68BE9646E40738CF7150DD32C36721E985C0AD3F08C2E962AD281BF6F38F5AF41C541591C3CDCCEECE968A283D0D646860696B15EEB57B76C03152117DB1D6B7EB03C2D2ACB05D955DA45C383F9D6FD0B600CE2B1BC37A2697E25D47599754B08EE0C3702389DF3F776838FCEB608C823D6A3F053C1677BA8E9E5FFD21A4F34023EF2E3AD655AF634A56B9A8BE09F0E2A851A54200EDCD03C11E1B5C91A54033CF435D05707E3AF88116831B5869A567D4DC7AE562F7358462E4ECB7369CE308B94B6450F16FFC211E162A65D2A19EF987C902139C7BFA578F5BF88CDB789C4EC822B0776222539D99F7A8352BB9EE2E5E7BA9DA6BA94E64918F35CEDEBBEFF2D172CFC035DEE87B185DBD4F3A18975E768AD0F74D2F4AB2BF9E0D5AFB6919C4087BFBFBD7A0C4AAB1A85181E82B8282349F4EF0FD811B66F292518E3850335DF2FCA8A338AF99AB525526E7267D2429C69C14623A8A2A28EE619A49238E45678CE1C03D0D40CF22F8956B241AF411ABFF00A34DFBD2A47F1F4FE54EF87FE2B1E16D5BECB72656D3EE885001C8898F7C52FC4EBC12F89ECED147DC8B793F8D728EBBD48E9EFE95F5580A2AB60D296E7CA66188787C6F3476EA7D4CAC19430E846452D79AFC2AF153DFD9C9A2DF4A5AEAD7FD5B39FBC9DBEA6BD2AB825171938B3D784D4E2A51D985145152505145140051451400514514005145140051451400514514005145140051451400D77088CE7A2824D78DB4F0EA1ABDFEA7006F2EE652577F518E3FA5751F10B59BC8A4834AB192581E4432B4D19C7038DB5C7E968B158A46A724673EB9CD7561A3AF31CB889AF848F5BF9B4E68C121988031F5AEBF418F669E3E5E6B8CD51BFD32C232787948C7E15DDE96BB6C53DC5744FA98C0B9487EE9FA52D21E87E9591A1CA78119BEC77EAC4E45E4BD7FDEAEB2B90F0296586FD5FEF1BB908FA6EAEBE8E81D42B9FD1351B5D37C6FA9DCEA1702148E0C867E06DC8E6BA0240049E00AE335CD2A0D625BDBB405A2480A6EEC5B39E3D6A651E6D071972EA6C78CFE25D945A5FD9FC3F7915C5E4C76964E7CA1EB5E3EECC9E64F348D24CE773BB1C96354ECEE62DACE4FCD923F0A86E2E5A66C0FBBE95E961E8C292E65AB678D8AAF57113E47A244523991CB1E4935DAF843C0136A1730EA5A9218EDD08748C8E5CF63F4AE2E099ADE78E650098D8300464715D349F1AEF2DE2308D3E332AF0181E3F2AF37349D7E550A6B47BB3D5CAA14799CEA3D5743D3EDE2FB578CD36A8096316DC7FBC2A1F1A5F5DC1AB68905BCC63492E54C801C6E19E9591F0AF55BAF114BA96B377B0493155DA9C00071563C707FE2B3F0EA92705FD3BE6BE7E31E59DA5D0F7A72E68DD1E84A7E51F4AE6FC3DFF21ED77FEBE07FE822BA45FBA3E95CCE9F7705AEA1AE4C5447E5CB9663DCEDACD6C5DB53CD3C6F70B77E349C0E3C81B0FD6B229935DFF696B77B7C460CD21269F5F7181A7ECF0F189F079954F69899489AC3519F44D5AD756B6389206F9B8CE54F5FD2BE94D2B518756D2EDEFADCE6299038CF519F5AF998804107906BD2BE0F6B4626BBD0A79A30AA7CCB7527E66CF503E95CB9851DAA2F99DD94E237A32F91EB7451457947B8145145001451450014514500145145001451450014514500145145001451450078EEB1349278EB564989F91944433FC38E6A9CF6477F9B6F218A4CE481D1BEB52FC5CBF1A378A74DB8B60A279213BD71F7C67BD66E99E25B0D4309E608A6C64A3715E85069C35382B2B4C8E57B89B5AB6867887EEBE70E0F06BD22C3FE3C62FF0076BCFE7655D6ADDF20ABAED07DEBBBD2A4F32C94673B78A72D98A2F52E9A43D0D2D07A1ACCD0E0BC3FAA5BD85C5C896E235FF48937062010335D31F10DA4AE23B5592E2423E50AA707F1E95C940BA7196E2EAEE384289DC3BB28E80D6E5978C3C3E0AC16F22A20E010B8155CAECAC47324F534D60BED43FE3EF10407AC4A7E63EC4D66F8C7508B46F0D4E916D5765DA8B497FE3BD26D37A472F9928FE115E5DE20D5F53F125FEF68BCB814FC8AE7B55469C9BD88A95A115AB3097A7B9E694D5A5D2E6620BCDB07A28CD4ABA45BEE0CECECC3FDA22BBD4656D11E54AAD3BDDB33CC88B8CB28CF4E6AFF00867C2169E2CD64C535DC16B6F1E0CD2BB853F419AB0B636CBFF2C94E3FBC33522C10AE76C6A33E82A6AE1E552366C74B1B0A52BA4D9EA5E0F8347F0C5E5DE8B677D04AB1952195C12D9FE7557C5B72ADF10B4050C0A056078CE0E462BCDBC8457F3231E5C83A3AF0735D4FC3C7FEDAD767D1F506696E48FB45BDCB1CB4657F98AF0B1595CE937514AE99EFE0F36A75ED071B347B0493A476CD23300154935F3FEB1E2EB9D49EF2DADDC25BBCA77EDEAD8E39AF665F0DF88B51F32CB529EDA0B323FD740C4BB8F420F4AF23F889E1D4F0EF8B9D23F2D62BA512A220C600E39ACB2FC3AF68BDAA3A330AED527EC998B611958CB1EFD2AE53630046A17A638A757D6C5591F11397349B0A9F4BD424D1B5FB1D4E27D862902BB7FB04F3FA5414D9504913A1EE2A2AC39E0E25D0A8E954535D0FA8AD6E23BAB58AE226DD1C8A194FA83535735E03D43FB43C2364E5367949E575CE76F19AE96BE65AB3B1F649DD5C28A28A06145145001451450014514500145145001451450014514500145148481D4E2803C1FE38807C55A57FD7B3FF00E855E6654370457B27C6BD0669D6CF5D88964B75313A81D01E771AF1C041191D2BD5C1B4E9D8F231C9AA973A1F0CB4B7BA8F9534D232C6B94F9BEE9F6AF4AD0935285DC2BACD1F6078C5793689A926977E27913721E188ED5EB1E1EF13E95340545DC6A49E031C1A2AA516C7464E491D1192EC463102B3F71BF155DDF5297E510C70AE396DDBAAC2EA166C8185CC5B4F7DC2A8DFF89F48B1898CB7B1120642AB024D73D8E9BA3C564B9BABBD4AF20B99CBC51DC3E13A77AB06342BB4A8DBE955576CFAA5D5C459113CACE3F13572BD6C3C1469A563C0C65472AADA622A2AF4502968A2B738EED8514514005145140052E8BE229FC31E2A8B50B6852670855D09C1D87AD31DC229663C0ACC823F3F51F3CE78523DAB0C441548F2773AF09374A7ED3B1F56697AB5AEABA6C17B04D1B472A83F2B6707B8AF0CF8D1731CFE32B35B76F39A3B62AE23F98A9CF435C7586B72D8DBCD6E67995013B5558815AB6F33DAD9342007B8BAFBD2B72C057C954C77D5EA3496A8FB4A783FAC534DBD1A3160BE283CB6462C3B01CD4A355B60C15D8A31EC456FC11C56ECA7CA46C750475AD132E91791986F34B89171C342307F1CD5C3896A5ECE28C2A70BD2B5D49DCE623B88A5FB8E0D52D4E790279511DA4F53ED57B5BF0DC760E2E74E9F746DF36D07A7B573725CB3BF97FC5DC9AF5A967146B5377D19E454C92AD0AAADAA3E83F05EBB25F7852C60D2A28AC113F7724F28C82E38E07726BB0D22EB5096E2E9AFF625B02160DCBB58E07CC48FAD7CCFA0EB375A5AAC7A6DD4B04C5B8DA723EB835D14FAB5FDD1866D77529EED633F737633EDC57893C7538BD533E869E0E725A347D1AB246E70AEAC7D8E69F5F35C7AD5F595EB5E686B716A1BA0F33208F420D7A0D87C57B916D0A5CE8934B380048F138C7D71554F194A7A37614F09563ADAE7A9D15CD695E3BD0356B936D15DF9538EA93294C9F419EB5D20208C8E95D29A7B1CED35B8B45145310514514005145140051451400514514014356D5EDB48B5334E496FE08D7EF39F402BCDFC616DADF8CE188D91934B54FBAE66657C7704038A9F53D41D7C7FA925D2B492431A0B2881CE411C9FCEB4934DD4B524CDE4DF6588FF00CB284FCDFF007D57157AF352E589D54A941C79A479A4FF000F35078A48751F175D344C30D1F9C5B3F514CB2F8553498167AA9962071F3AE0D7ADC5A269966A1DA04675EB2C9CB1FA9ACAD47C73A1E9738B58E4F3EE338F2605DCDF95670C5568BF765A953C3D192F7A3A1C9C1F083254CDA8B0F50AA2BB0D33C11A3E9B69E42DAC6E49CB3B2E589FAD6B6957D3EA16DE7CB6AF6E1BEEABF0D8F71579982F52054D5C455A9A4E4D8E950A54DDE1148E66F7C11A6DCDACB1C4AD1BB03B4863C1AF29D5FE1DEB9A73BC820FB5469C89139E2BDD25BFB58595649954B1C004D58E187A835787C5D4A0EF1D7D48C46169D65692B1F355BCE90298A4051D4F3915605CC27F8C5755F123C13A836B305EE9063097722C4C8C30158F435413E0CF8D5A162F358ABE3801FF00FAD5F4B4734A7282763E6AB64F3537666135E42A3EFE690DF440679AD66F833E3B0A4EEB1381DA5E7F953348F09EA1022A6A1E0CD4E6962243C82E08573EC3154F318F444C7287D5994DA8DBAF56C7D6A23AC5A83F7BF5AF6DF0E695E1EBEB7B7B3BAF064F6F285C33DCDB6403EEDDEBC9BE20F81E4F0F78AAEAE859EDD36E0EE88A2FC89ED531CC252972A562E5954211E66DB3306A909E81A91F513FC29F9D662AA0C61FF5A9323D6BB23524D6A70CA8534F444E5E5B970A4F5AB05574FB37676CB1ACD6BE8ACDB7B48A081D33D6AA497B36A52893715841E3DEB0C462A9D183937A9D1430752BCD452B44B7A747F68BF84139F9B711ED5D3C5FBCD41D9461635D95CD698ED16AF091C2B0C135D0DADC22DFDCC24E18B6457C362DB949BF23EEF08A318A5E66851475A2BCD3D10201041E86B86BD022D45C71B771ED5D8DE5EC5670B3BB738E147535C44CCD7172D27392C4907DFB57A1818BD5BD8F3F1B25A25B92C727D9D84F19C30E4115D068F0C9763EDB74DBD89F907615CE32EE755046D5E4815D1695AA42B10865C211D0F6ADB12A5C9EEAD4CB0CE3CFEF3D0DCA724AF136E462A7D41A89658DFEEBA9FC694BA81CB0FCEBCAB347A974CD16BBB7BF8F65FC0A5C0C24E830E87D735DD7C32F125DDCDC5CE857B319CDB2078A663CB2F4C7BD7964FA85BDBAE5E404FA0EB5D3FC28B69358F16CDA8AB3C705AA71C70E7D2BD5CBE7579ECF63CCC7C69725D6E7BB514515ED9E385145140051451400514514001A439C714B450079BE997D6D3F8AB57B8BE291DE24822D8FC1551D08FAD5BD4FC5DA7D8B08A293ED172C7090C3F3313F415D3EA9E19D1F5970F7F6114B274DFCAB7E639AC6D6B40D3741F0BEA32E93670DACDE51FDE819651DF93CD724F0F797337A1D31AD68F2A5A9E6FA9FFC25BE31BEFB0DADD436769B8ACDE4B6E283D0B74CFB0AECBC33E05D27C371878E2F3AE88F9E7979635A9A15B59D8E8D6EB6A1046503161DC9EA6A96A1AA6A1A84AD61A05BF9F3F469C9C4717B93FD2B99C9C9F2411B28DBDE9B24D77C5165A205472D24EFC24318DCCC7E82B91F174FE2A8BC343589275D2A0691544457320DC70093DABD1BC3BE13B7D181B9B97FB66A327325CC8BCE7D147615B1A8E9B67AB58CB657F6E93DB4A30F1B8C835D54F0D18ABCB5673CEBC9BB4744713E16D261B7D3639E49CDDDC4AA19E6739DDF4AE8B200F415159F836CF4F4F2ACEEEF21800C2C4240557E9919A5B8F0A7DA3E53ABDFA26304295E7F1C560F0B52E6DEDE1639CD7B545BBD5B4ED1EC0F9D7725C2BBECE7CB407927D2BD1146001ED593A3786B4BD0831B2B7C4AFF007E673B9DBEA4D6BD7652A7C91B1CB527CEEE1498A5A2B5204A8E7B582EA231CF12488460875CD4B4500728FF000DBC22F2191B44B72C4E49E7AFE74AFF000E3C2522956D16DF07EBFE35D55029F33EE2E55D8F16F117ECFF00617D3F9DA3DFB5A966259251B947B0AE566F83BE2AB47F2A0B7867897FE5A0902E7F0AFA4E8A89C14F72E3271D8F91EF7C2BAF5A4DB5F4BBCCA3725222471EF5952B4A97064937AC8386CF18AFB30A823900D507D0F499092FA6DA3127249854E7F4AC1E1D773555D9F25A6B570808FB467EB515C7882552775C373CE057D6DFF08EE8BFF40AB2FF00BF0BFE1597A8FC3EF0BEA9389AE74980B818F906D1FA54AC1534EE57D6AA5AD73E5FD067B1D6B5A86DB50BD6B485D86E918647FF005ABE8193E17F84B55F0F797A5A4425DA025E44DB8961EB5B963F0EBC2BA7DD2DC41A4C2245E9B86E1F91AE96DEDA0B588456F124518E8A8B815BC69C62AC918B9C9BBB67CB9ADFC3CF126853B1934F926476C2BC037EE03BE074ACA9341D66389A57D2AF111796668480057D7B8CD3248A395192445646182A4641A87878BD8B559A3E37732C2B972EA3DF8ABB0E91ADDCDBA4F0E9D792C2E3E5748D981FCABEAE7D0F4A7186D36D587A1857FC2ADC30436F12C50C491C6BD1557007E152B0D1EAC7EDD9F21C9A36BC13FE409A83B7FD706AF62F82B797565653E937DA3DE5A485CC825962214FB74AF5EC0F414B81E95AC29463B19CAA4A5B8514515A1014514500145145001451450014514500151CF047730BC3322BC6E0AB2B0C823D2A4A28039DFF0084274811F9682E638F39D893B003DBAF4ADAB2B0B6D3AD96DED2158A25ECA3F535628A9518AD90DC9BDD8514515420A28A2800A28A2800A28A2800A28A2800A28A2800A28A2800A3145140051451400628A28A0028A28A0028A28A0028A28A0028A28A0028A28A0028A28A0028A28A0028A28A0028A28A0028A28A0028A28A0028A28A0028A28A0028A28A0028A28A0028A28A0028A28A0028A28A0028A28A0028A28A0028A28A0028A28A0028A28A0028A28A0028A28A0028A28A0028A28A0028A28A0028A28A0028A28A0028A28A0028A28A0028A28A0028A28A0028A28A0028A28A0028A28A0028A28A0028A28A0028A28A0028A28A0028A28A0028A28A0028A28A0028A28A00FFD90000000000000000000000000000000000000000000000000000000000000000000000000000000000000000000000000000000000000000000000000000000000000000000000000000000000000000000000000000000000000000000000000000000000000000000000000000000000000000000000000000000000000000000000000000000000000000000000000000000000000000000000000000000000000000000000000000000000000000000000000000000000000000000000000000000000000000000000000000000000000000000000000000000000000000000000000000000000000000000000000000000000000000000000000000000000000000000000000000000000000000000000000000000000000000000000000000000000000000000000000000000000000000000000000000000000000000000000000000000000000000000000000000000000000000000000000000000000000000000000000000000000000000000000000000000000000000000000000000000000000000000000000000000000000000000000000000000000000000000000000000000000000000000000000000000000000000000000000000000000000000000000000000000000000000000000000000000000000000000000000000000000000000000000000000000000000000000000000000000000000000000000000000000000000000000000000000000000000000000000000000000000000000000000000000000000000000000000000000000000000000000000000000000000000000000000000000000000000000000000000000000000000000000000000000000000000000000000000000000000000000000000000000000000000000000000000000000000000000000000000000000000000000000000000000000000000000000000000000000000000000000000000000000000000000000000000000000000000000000000000000000000000000000000000000000000000000000000000000000000000000000000000000000000000000000000000000000000000000000000000000000000000000000000000000000000000000000000000000000000000000000000000000000000000000000000000000000000000000000000000000000000000000000000000000000000000000000000000000000000000000000000000000000000000000000000000000000000000000000000000000000000000000000000000000000000000000000000000000000000000000000000000000000000000000000000000000000000000000000000000000000000000000000000000000000000000000000000000000000000000000000000000000000000000000000000000000000000000000000000000000000000000000000000000000000000000000000000000000000000000000000000000000000000000000000000000000000000000000000000000000000000000000000000000000000000000000000000000000000000000000000000000000000000000000000000000000000000000000000000000000000000000000000000000000000000000000000000000000000000000000000000000000000000000000000000000000000000000000000000000000000000000000000000000000000000000000000000000000000000000000000000000000000000000000000000000000000000000000000000000000000000000000000000000000000000000000000000000000000000000000000000000000000000000000000000000000000000000000000000000000000000000000000000000000000000000000000000000000000000000000000000000000000000000000000000000000000000000000000000000000000000000000000000000000000000000000000000000000000000000000000000000000000000000000000000000000000000000000000000000000000000000000000000000000000000000000000000000000000000000000000000000000000000000000000000000000000000000000000000000000000000000000000000000000000000000000000000000000000000000000000000000000000000000000000000000000000000000000000000000000000000000000000000000000000000000000000000000000000000000000000000000000000000000000000000000000000000000000000000000000000000000000000000000000000000000000000000000000000000000000000000000000000000000000000000000000000000000000000000000000000000000000000000000000000000000000000000000000000000000000000000000000000000000000000000000000000000000000000000000000000000000000000000000000000000000000000000000000000000000000000000000000000000000000000000000000000000000000000000000000000000000000000000000000000000000000000000000000000000000000000000000000000000000000000000000000000000000000000000000000000000000000000000000000000000000000000000000000000000000000000000000000000000000000000000000000000000000000000000000000000000000000000000000000000000000000000000000000000000000000000000000000000000000000000000000000000000000000000000000000000000000000000000000000000000000000000000000000000000000000000000000000000000000000000000000000000000000000000000000000000000000000000000000000000000000000000000000000000000000000000000000000000000000000000000000000000000000000000000000000000000000000000000000000000000000000000000000000000000000000000000000000000000000000000000000000000000000000000000000000000000000000000000000000000000000000000000000000000000000000000000000000000000000000000000000000000000000000000000000000000000000000000000000000000000000000000000000000000000000000000000000000000000000000000000000000000000000000000000000000000000000000000000000000000000000000000000000000000000000000000000000000000000000000000000000000000000000000000000000000000000000000000000000000000000000000000000000000000000000000000000000000000000000000000000000000000000000000000000000000000000000000000000000000000000000000000000000000000000000000000000000000000000000000000000000000000000000000000000000000000000000000000000000000000000000000000000000000000000000000000000000000000000000000000000000000000000000000000000000000000000000000000000000000000000000000000000000000000000000000000000000000000000000000000000000000000000000000000000000000000000000000000000000000000000000000000000000000000000000000000000000000000000000000000000000000000000000000000000000000000000000000000000000000000000000000000000000000000000000000000000000000000000000000000000000000000000000000000000000000000000000000000000000000000000000000000000000000000000000000000000000000000000000000000000000000000000000000000000000000000000000000000000000000000000000000000000000000000000000000000000000000000000000000000000000000000000000000000000000000000000000000000000000000000000000000000000000000000000000000000000000000000000000000000000000000000000000000000000000000000000000000000000000000000000000000000000000000000000000000000000000000000000000000000000000000000000000000000000000000000000000000000000000000000000000000000000000000000000000000000000000000000000000000000000000000000000000000000000000000000000000000000000000000000000000000000000000000000000000000000000000000000000000000000000000000000000000000000000000000000000000000000000000000000000000000000000000000000000000000000000000000000000000000000000000000000000000000000000000000000000000000000000000000000000000000000000000000000000000000000000000000000000000000000000000000000000000000000000000000000000000000000000000000000000000000000000000000000000000000000000000000000000000000000000000000000000000000000000000000000000000000000000000000000000000000000000000000000000000000000000000000000000000000000000000000000000000000000000000000000000000000000000000000000000000000000000000000000000000000000000000000000000000000000000000000000000000000000000000000000000000000000000000000000000000000000000000000000000000000000000000000000000000000000000000000000000000000000000000000000000000000000000000000000000000000000000000000000000000000000000000000000000000000000000000000000000000000000000000000000000000000000000000000000000000000000000000000000000000000000000000000000000000000000000000000000000000000000000000000000000000000000000000000000000000000000000000000000000000000000000000000000000000000000000000000000000000000000000000000000000000000000000000000000000000000000000000000000000000000000000000000000000000000000000000000000000000000000000000000000000000000000000000000000000000000000000000000000000000000000000000000000000000000000000000000000000000000000000000000000000000000000000000000000000000000000000000000000000000000000000000000000000000000000000000000000000000000000000000000000000000000000000000000000000000000000000000000000000000000000000000000000000000000000000000000000000000000000000000000000000000000000000000000000000000000000000000000000000000000000000000000000000000000000000000000000000000000000000000000000000000000000000000000000000000000000000000000000000000000000000000000000000000000000000000000000000000000000000000000000000000000000000000000000000000000000000000000000000000000000000000000000000000000000000000000000000000000000000000000000000000000000000000000000000000000000000000000000000000000000000000000000000000000000000000000000000000000000000000000000000000000000000000000000000000000000000000000000000000000000000000000000000000000000000000000000000000000000000000000000000000000000000000000000000000000000000000000000000000000000000000000000000000000000000000000000000000000000000000000000000000000000000000000000000000000000000000000000000000000000000000000000000000000000000000000000000000000000000000000000000000000000000000000000000000000000000000000000000000000000000000000000000000000000000000000000000000000000000000000000000000000000000000000000000000000000000000000000000000000000000000000000000000000000000000000000000000000000000000000000000000000000000000000000000000000000000000000000000000000000000000000000000000000000000000000000000000000000000000000000000000000000000000000000000000000000000000000000000000000000000000000000000000000000000000000000000000000000000000000000000000000000000000000000000000000000000000000000000000000000000000000000000000000000000000000000000000000000000000000000000000000000000000000000000000000000000000000000000000000000000000000000000000000000000000000000000000000000000000000000000000000000000000000000000000000000000000000000000000000000000000000000000000000000000000000000000000000000000000000000000000000000000000000000000000000000000000000000000000000000000000000000000000000000000000000000000000000000000000000000000000000000000000000000000000000000000000000000000000000000000000000000000000000000000000000000000000000000000000000000000000000000000000000000000000000000000000000000000000000000000000000000000000000000000000000000000000000000000000000000000000000000000000000000000000000000000000000000000000000000000000000000000000000000000000000000000000000000000000000000000000000000000000000000000000000000000000000000000000000000000000000000000000000000000000000000000000000000000000000000000000000000000000000000000000000000000000000000000000000000000000000000000000000000000000000000000000000000000000000000000000000000000000000000000000000000000000000000000000000000000000000000000000000000000000000000000000000000000000000000000000000000000000000000000000000000000000000000000000000000000000000000000000000000000000000000000000000000000000000000000000000000000000000000000000000000000000000000000000000000000000000000000000000000000000000000000000000000000000000000000000000000000000000000000000000000000000000000000000000000000000000000000000000000000000000000000000000000000000000000000000000000000000000000000000000000000000000000000000000000000000000000000000000000000000000000000000000000000000000000000000000000000000000000000000000000000000000000000000000000000000000000000000000000000000000000000000000000000000000000000000000000000000000000000000000000000000000000000000000000000000000000000000000000000000000000000000000000000000000000000000000000000000000000000000000000000000000000000000000000000000000000000000000000000000000000000000000000000000000000000000000000000000000000000000000000000000000000000000000000000000000000000000000000000000000000000000000000000000000000000000000000000000000000000000000000000000000000000000000000000000000000000000000000000000000000000000000000000000000000000000000000000000000000000000000000000000000000000000000000000000000000000000000000000000000000000000000000000000000000000000000000000000000000000000000000000000000000000000000000000000000000000000000000000000000000000000000000000000000000000000000000000000000000000000000000000000000000000000000000000000000000000000000000000000000000000000000000000000000000000000000000000000000000000000000000000000000000000000000000000000000000000000000000000000000000000000000000000000000000000000000000000000000000000000000000000000000000000000000000000000000000000000000000000000000000000000000000000000000000000000000000000000000000000000000000000000000000000000000000000000000000000000000000000000000000000000000000000000000000000000000000000000000000000000000000000000000000000000000000000000000000000000000000000000000000000000000000000000000000000000000000000000000000000000000000000000000000000000000000000000000000000000000000000000000000000000000000000000000000000000000000000000000000000000000000000000000000000000000000000000000000000000000000000000000000000000000000000000000000000000000000000000000000000000000000000000000000000000000000000000000000000000000000000000000000000000000000000000000000000000000000000000000000000000000000000000000000000000000000000000000000000000000000000000000000000000000000000000000000000000000000000000000000000000000000000000000000000000000000000000000000000000000000000000000000000000000000000000000000000000000000000000000000000000000000000000000000000000000000000000000000000000000000000000000000000000000000000000000000000000000000000000000000000000000000000000000000000000000000000000000000000000000000000000000000000000000000000000000000000000000000000000000000000000000000000000000000000000000000000000000000000000000000000000000000000000000000000000000000000000000000000000000000000000000000000000000000000000000000000000000000000000000000000000000000000000000000000000000000000000000000000000000000000000000000000000000000000000000000000000000000000000000000000000000000000000000000000000000000000000000000000000000000000000000000000000000000000000000000000000000000000000000000000000000000000000000000000000000000000000000000000000000000000000000000000000000000000000000000000000000000000000000000000000000000000000000000000000000000000000000000000000000000000000000000000000000000000000000000000000000000000000000000000000000000000000000000000000000000000000000000000000000000000000000000000000000000000000000000000000000000000000000000000000000000000000000000000000000000000000000000000000000000000000000000000000000000000000000000000000000000000000000000000000000000000000000000000000000000000000000000000000000000000000000000000000000000000000000000000000000000000000000000000000000000000000000000000000000000000000000000000000000000000000000000000000000000000000000000000000000000000000000000000000000000000000000000000000000000000000000000000000000000000000000000000000000000000000000000000000000000000000000000000000000000000000000000000000000000000000000000000000000000000000000000000000000000000000000000000000000000000000000000000000000000000000000000000000000000000000000000000000000000000000000000000000000000000000000000000000000000000000000000000000000000000000000000000000000000000000000000000000000000000000000000000000000000000000000,2,'2011-02-19'),
 (5,0xFFD8FFE000104A46494600010101006000600000FFDB004300080606070605080707070909080A0C140D0C0B0B0C1912130F141D1A1F1E1D1A1C1C20242E2720222C231C1C2837292C30313434341F27393D38323C2E333432FFDB0043010909090C0B0C180D0D1832211C213232323232323232323232323232323232323232323232323232323232323232323232323232323232323232323232323232FFC00011080120014003012200021101031101FFC4001F0000010501010101010100000000000000000102030405060708090A0BFFC400B5100002010303020403050504040000017D01020300041105122131410613516107227114328191A1082342B1C11552D1F02433627282090A161718191A25262728292A3435363738393A434445464748494A535455565758595A636465666768696A737475767778797A838485868788898A92939495969798999AA2A3A4A5A6A7A8A9AAB2B3B4B5B6B7B8B9BAC2C3C4C5C6C7C8C9CAD2D3D4D5D6D7D8D9DAE1E2E3E4E5E6E7E8E9EAF1F2F3F4F5F6F7F8F9FAFFC4001F0100030101010101010101010000000000000102030405060708090A0BFFC400B51100020102040403040705040400010277000102031104052131061241510761711322328108144291A1B1C109233352F0156272D10A162434E125F11718191A262728292A35363738393A434445464748494A535455565758595A636465666768696A737475767778797A82838485868788898A92939495969798999AA2A3A4A5A6A7A8A9AAB2B3B4B5B6B7B8B9BAC2C3C4C5C6C7C8C9CAD2D3D4D5D6D7D8D9DAE2E3E4E5E6E7E8E9EAF2F3F4F5F6F7F8F9FAFFDA000C03010002110311003F00F7FA28A2800A28A2800A28A2800A28A2800A28A2800A28A2800A28A2800A28A2800A28A2800A28A2800A28A2800A28A2800A28A2800A28A2800A28A2800A28A2800A28A2800A28A2800A28A2800A28A2800A28A2800A28A2800A28A2800A28A2800A28A2800A28A2800A28A2800A4A09C726BC47C6DF1275A6F114B63E1DB90905BFCACEAA1B71EFD7D2A2738C15E45420E6ED13DBF38ACBD67C45A5E836AF3EA1771C4AA33B739623D877AF077F1DF8BF51B17D2AF2E76890E5E751B5F6FA0C567259E64325C4D2DC376F39CBE3E99AE3AB985286DAB3AE9606A4F7D0F55BFF008BB6314A834DD3EE2F6265C97CF9783E98350C7F1794CCAB2E893A464F2FE68381F4AF3A180300714135E7BCD2ADF448EE596D3B6AD9EF9A178974CF1142F269F3EF2870C8C30C3F0AB971AA595AC9E54D731ACB8C88F77CC7E82BE7CB0D62E3C3BA826A9671F992A02BE5E480F9F5C5747E09F13E7C46F26B76D6C24B9DF299DD8B18C0E428CF4FC2BD3C3E361562AFA33CFAF849D393B6A8F698E412C6AEB9C30C8C8C1A7572C3E22785F784FED35C9381F2375FCABA5B7B88AEA059A091648D864329C835D6A49ECCE5716B74494514531051451400514514005145140051451400514514005145140051451400514514005145140051451400514514005145140051451400550D46EAEE0091D95A79F33F4DC76A8FA9ABF58DE29D7E1F0DE8173A8CCD828B88F23AB1E82803CABE28788BC490DD59DAED934FCE72F6D3121B3EB5C3E8F6B25BC0ED36E32C8C5999BA93EB53ADD5EEB9A849AB6A32BBCB29E158F0A2AE1AF031D8AE76E11D8F730586E44A72DC28A4A0D79A7A026F5C9F9871D694B28EA4014EF0CF86A0F126A57F0C92CF16CE55A36E2AEEA5E0DB4B5BB5B57BDB9BB9BAF9108CB0FA9ED5D8B0B7B6A723C55AFA1969730B92038C838351BCD68F70A8EC8655FBB9EB5D84DA558C5A525B5EF87E78A14FF96A9F338F7E2974BD0BC1902B868AE6FC4AB82550BB467F0E86B58E0D5F76652C5B4B639665575C1008239AF4AF843A94F3E9F7FA6CADBA3B39008CE3B3735CEAFC378354BA61A3EBED0C44716F70BFBC5FA8F4AF47F04F8517C27A2FD91E449EE598B4B32AE37F3C66BBB05859D19B6DE871E2F130AD1492D4E9A8A28AF48F3C28A28A0028A28A0028A28A0028A28A0028A28A0028A28A0028A28A0028A28A0028A28A0028A28A0028A28A0028A28A0028A28A002B87F8AFA75C6A5E05BA8EDA232346CB2B01D957926BB8AF28F8D5ACEA1A7E9D65676B398A0B92DE6ED38240C719A89B4A2DB2A09B92B1E63A35DB5CD9AFC842AF00FAD69554D38C66CE3F2C8231CE3D6ADD7CAD569CDD91F4D4935057621200C9E82991C57BA8E22D3AD6599DF8076903F3A73B054249C002BD07E19DCCF73A1CBE68FDDA49888E31C56B87A6A776FA19626AB8249752AE81A3BF82FC37717974375EC9D141E727802BA5F0DE92D6767F6ABA01AFAE3E799CF5C9EC3DAAA6B84DE78934CB21CAC6DE6C8BEA3A574E06303B57A2F4479BBB119430208041EA0D73D2DB41E1ED405D41105B7B870B22A8E8C7BD7455475883CFD2AE100F9B612A40E87D6A53195759D212F61FB45B9315E45F3C72270723D7D6B73C35AC0D67488E660566426391588CEE1C13F8D6668B38B8D2603B8B15508C4F524706AAF864C761E2ED56D4E41BADB2C6A3A000735D7869B52E5673D78E9CC76D45145771CA1451450014514500145145001451450014514500145145001451450014514500145145001451450014514500145145001451450015C4FC47F0745E28D1C4BF68F26E2D159E366385F7CFE55DB551D66DBED9A2DE5B6C67F36164DA8704E476CD2924D598D369DD1F25E991DEDEEB634AD3D8BCDBF6B321CA8C77CFA5741AF5B6A3E179161B9BA864246727AD65787B41D48F8F7ECBA6CCF6AF13B0639059141E41ED9AF7ABDF09E95ADDB42BAB5AADD3460619B824FAF15E5D6852E649AD0F4294EA28B69EA7947863C31AB78B42DC4CDE4596793FDE1ED5ED5A56996DA45845676A81238C6062A7B5B586CADD20B78D6389061540E82A6ACF45A2564536DEECE60391F11595F1B0D88DB9F5DC6BA7AE3FC5C92E99A958EBD0A33A42DB2703FB9FFEB35B91EB96CF00999240A57702A85863EA2B47194926919F324ECCD4A64C4089C9E062B22DBC59A2DE4A6286F51A41D53F8BF2AA5E25F1469D63A64B1B5C059651B173C7278A8E496D62F9916BC28B2AE97279ADB89B890823D377151C25BFE167596CC6CFB1C9BF1EB918A9747D4F4F8747876CEAC1501765E4671CF34FF07C1FDA1ACEA1AD3440C2C4476B2E7AA8186FD6BA2845FB4B98D56940EDA8A4A5AF40E30A28A2800A28A2800A28A2800A28A2800A28A2800A28A2800A28A2800A28A2800A28A2800A28A2800A28A2800A28A2800A28A2800ACFD756E1B41BF5B40C6E0C0FE5853825B1C62B4291BEE9FA500786FC2AD264517BA95EA117924A6370DC9520E0F35EAC060015C8F82C6CB5BD46186FB74C71FF0002AEBABC8A9FC491E947E08851451500473C115CC0F0CC81E3718653DEB9C834DD67C36EE348912E6C0FFCBA4E7EEFD0D74F9A2B48549436265052DCE4E3BC0972F35B783523BD3D6578C0527D7239ACCBDD2B5097543A8EB165A55C6F188EDDDF013E9C735DFD715E3CB681EE349B8B98BCC8D2E15304F1962056EB13393B193A314AE5A1A5EA5A85A8B3FB2D8E9D60472B6DC971DC74E2BA5F095F5BB5B4DA64512C5259304745E983D0FE54F8A348A254450AAA3000ED58DA0DE4769E3BD46C84797BB4594BFA6D18AAA156539FBCC9AB4E318E877345145769CC145145001451450014514500145145001451450014514500145145001451450014514500145145001451450014514500145145001475A2A26BA812411BCD1AB9E8A5803F95007053C6344F195C5B98C456D7ABE64183C6E1F7BF9D7471BEF506B8FF00881A8C9AA6A6BA35AA79325A9595EEB1F329EA02FF005A9746F112EF8ECAEDB6DC80003D9FDEB8713879C7F7A968CEBA15E32FDDB7AA3ADA298922B8E0D3EB8D1D0CE5B59B6D7EDB515D4ACA51736F19C9B41C647B1F5A9F4DF196977CDE54F21B3B91F7A2B81B39F627AD7459AC19AC2DB5BBB9E0BFD2008D07CB3BA8CB7D0F5AB4D3DC977E86DA4A92286475653D0839AE5BE2002DA2DA04237FDBA1C7FDF55237816C11B75ADD5EC041CF13B11F966AC41E13805C472DD5D4F72233B95646E01F5A71B277B89DDAB1BB1822350C7270326B9DD12D9EEBE255E5E46A0C56D0F96EDBBA12011C55CD7B5FB7D1A158FF00D65DCC76430AFDE663D2B47C1BA1CDA569F25C5EA8FB7DDB79931073F41F80E2BA30B077E631AF256B1D28A28A2BB8E50A28A2800A28A2800A28A2800A28A2800A28A2800A28A2800A28A2800A28A2800A28A2800A28A2800A28A2800A28A2800A28AA7AA5F47A6E9B3DD4922279684A973804F61401CFEB3E2433DE49A4E9849947134C3A27B0F7ACA6D0ED6501A66965B80062776CB8FC6AA78695A6B79AFE54549AEA4323A8EC4D6ED75C6092B58E5949B77385B5B496DBC55756B7B7724EB26D31C921CB11E99ADEB8D0A286FA3D42D6353320C156FE21FE359BE27D35AF75BB01048619B0583AF5C8AE82EAF0699A6AC939DF22A81FEF35128A943925B0A3271973ADCCAD67C6FA7687A79B8BA1224DD04246189FF0ACAD0BE29AEA68F2358BB429DE33B9BF1146A51AEA963753EA5024B12C65802BC29AA5A7E996361221B1B6024907DC5E9F5AE386594D5EECEA9E613696875D67E3FD0AED0B79ED185FBC5D7183EF57078CFC3A47FC8560FCCD73A86E34AB8B7FECE8ED6396F1B6CD14F16E407FBD8F5AE86CBC4563688D06B3A727DA54FDEB7B4DC8C3D7A5632C0A4F7358E2F996C3478C74B99CC76265BD970484B74DC4D543A8F8AF59574D2746366071E6DE9D847B85EF5B5178C7C3F09578ACEE109E856CC83FCAA47F881A2C48CCEB78AA3A936CD4470915BEA37886F62BE81E0382CEE63D4F5799AFF541CF98FF00750FFB23B57655C64FE2BBCD413ED1A422C76A07DF9E3397FA0ED51D978BB5CF2C2DCE89E63027F789285047D0F35D0A9B4B4460E69BD59DBD15C35C7C40B8B797649A40001C1CDCA8207AE2B5B4BF1BE87AB5FF00D860BB0B738FB8E3193E80F7A1A6B71A927B1D1D140A290C28A28A0028A28A0028A28A0028A28A0028A28A0028A28A0028A28A0028A28A0028A28A0028A28A0028A28A002BCE3C6B7F1EA7AC7F64CB024B0428240EB21E1F3D081C7E75D178CBC48340D3552289A5BBB92638514E307D49ED5E65A2593417CD1C92BCB34ADE6C8EE72493EF5BD085E577B18569D9591DD584220B38D40C71D2ACD22A8540A3A014B5BB31472FE244BD8758D3EFEDD4BC10AB798BEBD2A2D4EF575A92CA3870612DB9813821C76AEA656848D92153938C1EF55E3D26CA1B8F3D2050FEB8A04D32AEABA709BC3F7169120DCF1E31EA6A2D174F16366B7170A04BB7A1FE1ADBAE53C51AB4B1DEC3636F22AB05F35C67EF0E98A2FA832ADE5C49A86BF6B1C60811C9E61FA74AED40E07D2B82B0736CC6EA4917CD639EBF747A569FFC240ED8FDFC7C7A55B8DC952B1D5554BCB2176D1EF72A8A725477AC35D6E756FF005A87D891505A7881E7BC512B064DED900FA5271683991D25D5DC1A740A5C8519C2A8EF5902E4DB3CF7DA85CFC92711C2A7EE8FF1AC8D735386E358801622244270DEB52699A25E6BD7F05D4CAD0D8C0E1D14F5723BFD2B0AD5614A1CD27AF636A34E556568EC5B6D4D26024874669D0FF1941C8FC6B3AE9F41D62558AE206B0BD4E6391414287EBDEBD25224450A14003DAB2BC43A15B6B3A5CD0B46A26DA4C7201CA9F6AF3639849BF7A2AC77BC1C52F75BB8FF00097882EE4B86D2353659268D3743700E04ABEFEF5D9578259EA575E1F8F4CBCD5943C967704360F3D31CFE15EE3A7DFDB6A76515DDA4C92C322865743915D938A4EEB639E12BAD772D514515058514514005145140051451400514514005145140051451400514514005145140051451400552D5B54B7D1B4C9EFEE8E22857271576BCD7E20DEC97DABDA68EA7FD1D079D2953D4F4DA455462E4EC8994B955CE78DC4FAB6A771ACDD97065FF0055139CF949E956BC349F68BE9646E40738CF7150DD32C36721E985C0AD3F08C2E962AD281BF6F38F5AF41C541591C3CDCCEECE968A283D0D646860696B15EEB57B76C03152117DB1D6B7EB03C2D2ACB05D955DA45C383F9D6FD0B600CE2B1BC37A2697E25D47599754B08EE0C3702389DF3F776838FCEB608C823D6A3F053C1677BA8E9E5FFD21A4F34023EF2E3AD655AF634A56B9A8BE09F0E2A851A54200EDCD03C11E1B5C91A54033CF435D05707E3AF88116831B5869A567D4DC7AE562F7358462E4ECB7369CE308B94B6450F16FFC211E162A65D2A19EF987C902139C7BFA578F5BF88CDB789C4EC822B0776222539D99F7A8352BB9EE2E5E7BA9DA6BA94E64918F35CEDEBBEFF2D172CFC035DEE87B185DBD4F3A18975E768AD0F74D2F4AB2BF9E0D5AFB6919C4087BFBFBD7A0C4AAB1A85181E82B8282349F4EF0FD811B66F292518E3850335DF2FCA8A338AF99AB525526E7267D2429C69C14623A8A2A28EE619A49238E45678CE1C03D0D40CF22F8956B241AF411ABFF00A34DFBD2A47F1F4FE54EF87FE2B1E16D5BECB72656D3EE885001C8898F7C52FC4EBC12F89ECED147DC8B793F8D728EBBD48E9EFE95F5580A2AB60D296E7CA66188787C6F3476EA7D4CAC19430E846452D79AFC2AF153DFD9C9A2DF4A5AEAD7FD5B39FBC9DBEA6BD2AB825171938B3D784D4E2A51D985145152505145140051451400514514005145140051451400514514005145140051451400D77088CE7A2824D78DB4F0EA1ABDFEA7006F2EE652577F518E3FA5751F10B59BC8A4834AB192581E4432B4D19C7038DB5C7E968B158A46A724673EB9CD7561A3AF31CB889AF848F5BF9B4E68C121988031F5AEBF418F669E3E5E6B8CD51BFD32C232787948C7E15DDE96BB6C53DC5744FA98C0B9487EE9FA52D21E87E9591A1CA78119BEC77EAC4E45E4BD7FDEAEB2B90F0296586FD5FEF1BB908FA6EAEBE8E81D42B9FD1351B5D37C6FA9DCEA1702148E0C867E06DC8E6BA0240049E00AE335CD2A0D625BDBB405A2480A6EEC5B39E3D6A651E6D071972EA6C78CFE25D945A5FD9FC3F7915C5E4C76964E7CA1EB5E3EECC9E64F348D24CE773BB1C96354ECEE62DACE4FCD923F0A86E2E5A66C0FBBE95E961E8C292E65AB678D8AAF57113E47A244523991CB1E4935DAF843C0136A1730EA5A9218EDD08748C8E5CF63F4AE2E099ADE78E650098D8300464715D349F1AEF2DE2308D3E332AF0181E3F2AF37349D7E550A6B47BB3D5CAA14799CEA3D5743D3EDE2FB578CD36A8096316DC7FBC2A1F1A5F5DC1AB68905BCC63492E54C801C6E19E9591F0AF55BAF114BA96B377B0493155DA9C00071563C707FE2B3F0EA92705FD3BE6BE7E31E59DA5D0F7A72E68DD1E84A7E51F4AE6FC3DFF21ED77FEBE07FE822BA45FBA3E95CCE9F7705AEA1AE4C5447E5CB9663DCEDACD6C5DB53CD3C6F70B77E349C0E3C81B0FD6B229935DFF696B77B7C460CD21269F5F7181A7ECF0F189F079954F69899489AC3519F44D5AD756B6389206F9B8CE54F5FD2BE94D2B518756D2EDEFADCE6299038CF519F5AF998804107906BD2BE0F6B4626BBD0A79A30AA7CCB7527E66CF503E95CB9851DAA2F99DD94E237A32F91EB7451457947B8145145001451450014514500145145001451450014514500145145001451450078EEB1349278EB564989F91944433FC38E6A9CF6477F9B6F218A4CE481D1BEB52FC5CBF1A378A74DB8B60A279213BD71F7C67BD66E99E25B0D4309E608A6C64A3715E85069C35382B2B4C8E57B89B5AB6867887EEBE70E0F06BD22C3FE3C62FF0076BCFE7655D6ADDF20ABAED07DEBBBD2A4F32C94673B78A72D98A2F52E9A43D0D2D07A1ACCD0E0BC3FAA5BD85C5C896E235FF48937062010335D31F10DA4AE23B5592E2423E50AA707F1E95C940BA7196E2EAEE384289DC3BB28E80D6E5978C3C3E0AC16F22A20E010B8155CAECAC47324F534D60BED43FE3EF10407AC4A7E63EC4D66F8C7508B46F0D4E916D5765DA8B497FE3BD26D37A472F9928FE115E5DE20D5F53F125FEF68BCB814FC8AE7B55469C9BD88A95A115AB3097A7B9E694D5A5D2E6620BCDB07A28CD4ABA45BEE0CECECC3FDA22BBD4656D11E54AAD3BDDB33CC88B8CB28CF4E6AFF00867C2169E2CD64C535DC16B6F1E0CD2BB853F419AB0B636CBFF2C94E3FBC33522C10AE76C6A33E82A6AE1E552366C74B1B0A52BA4D9EA5E0F8347F0C5E5DE8B677D04AB1952195C12D9FE7557C5B72ADF10B4050C0A056078CE0E462BCDBC8457F3231E5C83A3AF0735D4FC3C7FEDAD767D1F506696E48FB45BDCB1CB4657F98AF0B1595CE937514AE99EFE0F36A75ED071B347B0493A476CD23300154935F3FEB1E2EB9D49EF2DADDC25BBCA77EDEAD8E39AF665F0DF88B51F32CB529EDA0B323FD740C4BB8F420F4AF23F889E1D4F0EF8B9D23F2D62BA512A220C600E39ACB2FC3AF68BDAA3A330AED527EC998B611958CB1EFD2AE53630046A17A638A757D6C5591F11397349B0A9F4BD424D1B5FB1D4E27D862902BB7FB04F3FA5414D9504913A1EE2A2AC39E0E25D0A8E954535D0FA8AD6E23BAB58AE226DD1C8A194FA83535735E03D43FB43C2364E5367949E575CE76F19AE96BE65AB3B1F649DD5C28A28A06145145001451450014514500145145001451450014514500145148481D4E2803C1FE38807C55A57FD7B3FF00E855E6654370457B27C6BD0669D6CF5D88964B75313A81D01E771AF1C041191D2BD5C1B4E9D8F231C9AA973A1F0CB4B7BA8F9534D232C6B94F9BEE9F6AF4AD0935285DC2BACD1F6078C5793689A926977E27913721E188ED5EB1E1EF13E95340545DC6A49E031C1A2AA516C7464E491D1192EC463102B3F71BF155DDF5297E510C70AE396DDBAAC2EA166C8185CC5B4F7DC2A8DFF89F48B1898CB7B1120642AB024D73D8E9BA3C564B9BABBD4AF20B99CBC51DC3E13A77AB06342BB4A8DBE955576CFAA5D5C459113CACE3F13572BD6C3C1469A563C0C65472AADA622A2AF4502968A2B738EED8514514005145140052E8BE229FC31E2A8B50B6852670855D09C1D87AD31DC229663C0ACC823F3F51F3CE78523DAB0C441548F2773AF09374A7ED3B1F56697AB5AEABA6C17B04D1B472A83F2B6707B8AF0CF8D1731CFE32B35B76F39A3B62AE23F98A9CF435C7586B72D8DBCD6E67995013B5558815AB6F33DAD9342007B8BAFBD2B72C057C954C77D5EA3496A8FB4A783FAC534DBD1A3160BE283CB6462C3B01CD4A355B60C15D8A31EC456FC11C56ECA7CA46C750475AD132E91791986F34B89171C342307F1CD5C3896A5ECE28C2A70BD2B5D49DCE623B88A5FB8E0D52D4E790279511DA4F53ED57B5BF0DC760E2E74E9F746DF36D07A7B573725CB3BF97FC5DC9AF5A967146B5377D19E454C92AD0AAADAA3E83F05EBB25F7852C60D2A28AC113F7724F28C82E38E07726BB0D22EB5096E2E9AFF625B02160DCBB58E07CC48FAD7CCFA0EB375A5AAC7A6DD4B04C5B8DA723EB835D14FAB5FDD1866D77529EED633F737633EDC57893C7538BD533E869E0E725A347D1AB246E70AEAC7D8E69F5F35C7AD5F595EB5E686B716A1BA0F33208F420D7A0D87C57B916D0A5CE8934B380048F138C7D71554F194A7A37614F09563ADAE7A9D15CD695E3BD0356B936D15DF9538EA93294C9F419EB5D20208C8E95D29A7B1CED35B8B45145310514514005145140051451400514514014356D5EDB48B5334E496FE08D7EF39F402BCDFC616DADF8CE188D91934B54FBAE66657C7704038A9F53D41D7C7FA925D2B492431A0B2881CE411C9FCEB4934DD4B524CDE4DF6588FF00CB284FCDFF007D57157AF352E589D54A941C79A479A4FF000F35078A48751F175D344C30D1F9C5B3F514CB2F8553498167AA9962071F3AE0D7ADC5A269966A1DA04675EB2C9CB1FA9ACAD47C73A1E9738B58E4F3EE338F2605DCDF95670C5568BF765A953C3D192F7A3A1C9C1F083254CDA8B0F50AA2BB0D33C11A3E9B69E42DAC6E49CB3B2E589FAD6B6957D3EA16DE7CB6AF6E1BEEABF0D8F71579982F52054D5C455A9A4E4D8E950A54DDE1148E66F7C11A6DCDACB1C4AD1BB03B4863C1AF29D5FE1DEB9A73BC820FB5469C89139E2BDD25BFB58595649954B1C004D58E187A835787C5D4A0EF1D7D48C46169D65692B1F355BCE90298A4051D4F3915605CC27F8C5755F123C13A836B305EE9063097722C4C8C30158F435413E0CF8D5A162F358ABE3801FF00FAD5F4B4734A7282763E6AB64F3537666135E42A3EFE690DF440679AD66F833E3B0A4EEB1381DA5E7F953348F09EA1022A6A1E0CD4E6962243C82E08573EC3154F318F444C7287D5994DA8DBAF56C7D6A23AC5A83F7BF5AF6DF0E695E1EBEB7B7B3BAF064F6F285C33DCDB6403EEDDEBC9BE20F81E4F0F78AAEAE859EDD36E0EE88A2FC89ED531CC252972A562E5954211E66DB3306A909E81A91F513FC29F9D662AA0C61FF5A9323D6BB23524D6A70CA8534F444E5E5B970A4F5AB05574FB37676CB1ACD6BE8ACDB7B48A081D33D6AA497B36A52893715841E3DEB0C462A9D183937A9D1430752BCD452B44B7A747F68BF84139F9B711ED5D3C5FBCD41D9461635D95CD698ED16AF091C2B0C135D0DADC22DFDCC24E18B6457C362DB949BF23EEF08A318A5E66851475A2BCD3D10201041E86B86BD022D45C71B771ED5D8DE5EC5670B3BB738E147535C44CCD7172D27392C4907DFB57A1818BD5BD8F3F1B25A25B92C727D9D84F19C30E4115D068F0C9763EDB74DBD89F907615CE32EE755046D5E4815D1695AA42B10865C211D0F6ADB12A5C9EEAD4CB0CE3CFEF3D0DCA724AF136E462A7D41A89658DFEEBA9FC694BA81CB0FCEBCAB347A974CD16BBB7BF8F65FC0A5C0C24E830E87D735DD7C32F125DDCDC5CE857B319CDB2078A663CB2F4C7BD7964FA85BDBAE5E404FA0EB5D3FC28B69358F16CDA8AB3C705AA71C70E7D2BD5CBE7579ECF63CCC7C69725D6E7BB514515ED9E385145140051451400514514001A439C714B450079BE997D6D3F8AB57B8BE291DE24822D8FC1551D08FAD5BD4FC5DA7D8B08A293ED172C7090C3F3313F415D3EA9E19D1F5970F7F6114B274DFCAB7E639AC6D6B40D3741F0BEA32E93670DACDE51FDE819651DF93CD724F0F797337A1D31AD68F2A5A9E6FA9FFC25BE31BEFB0DADD436769B8ACDE4B6E283D0B74CFB0AECBC33E05D27C371878E2F3AE88F9E7979635A9A15B59D8E8D6EB6A1046503161DC9EA6A96A1AA6A1A84AD61A05BF9F3F469C9C4717B93FD2B99C9C9F2411B28DBDE9B24D77C5165A205472D24EFC24318DCCC7E82B91F174FE2A8BC343589275D2A0691544457320DC70093DABD1BC3BE13B7D181B9B97FB66A327325CC8BCE7D147615B1A8E9B67AB58CB657F6E93DB4A30F1B8C835D54F0D18ABCB5673CEBC9BB4744713E16D261B7D3639E49CDDDC4AA19E6739DDF4AE8B200F415159F836CF4F4F2ACEEEF21800C2C4240557E9919A5B8F0A7DA3E53ABDFA26304295E7F1C560F0B52E6DEDE1639CD7B545BBD5B4ED1EC0F9D7725C2BBECE7CB407927D2BD1146001ED593A3786B4BD0831B2B7C4AFF007E673B9DBEA4D6BD7652A7C91B1CB527CEEE1498A5A2B5204A8E7B582EA231CF12488460875CD4B4500728FF000DBC22F2191B44B72C4E49E7AFE74AFF000E3C2522956D16DF07EBFE35D55029F33EE2E55D8F16F117ECFF00617D3F9DA3DFB5A966259251B947B0AE566F83BE2AB47F2A0B7867897FE5A0902E7F0AFA4E8A89C14F72E3271D8F91EF7C2BAF5A4DB5F4BBCCA3725222471EF5952B4A97064937AC8386CF18AFB30A823900D507D0F499092FA6DA3127249854E7F4AC1E1D773555D9F25A6B570808FB467EB515C7882552775C373CE057D6DFF08EE8BFF40AB2FF00BF0BFE1597A8FC3EF0BEA9389AE74980B818F906D1FA54AC1534EE57D6AA5AD73E5FD067B1D6B5A86DB50BD6B485D86E918647FF005ABE8193E17F84B55F0F797A5A4425DA025E44DB8961EB5B963F0EBC2BA7DD2DC41A4C2245E9B86E1F91AE96DEDA0B588456F124518E8A8B815BC69C62AC918B9C9BBB67CB9ADFC3CF126853B1934F926476C2BC037EE03BE074ACA9341D66389A57D2AF111796668480057D7B8CD3248A395192445646182A4641A87878BD8B559A3E37732C2B972EA3DF8ABB0E91ADDCDBA4F0E9D792C2E3E5748D981FCABEAE7D0F4A7186D36D587A1857FC2ADC30436F12C50C491C6BD1557007E152B0D1EAC7EDD9F21C9A36BC13FE409A83B7FD706AF62F82B797565653E937DA3DE5A485CC825962214FB74AF5EC0F414B81E95AC29463B19CAA4A5B8514515A1014514500145145001451450014514500151CF047730BC3322BC6E0AB2B0C823D2A4A28039DFF0084274811F9682E638F39D893B003DBAF4ADAB2B0B6D3AD96DED2158A25ECA3F535628A9518AD90DC9BDD8514515420A28A2800A28A2800A28A2800A28A2800A28A2800A28A2800A3145140051451400628A28A0028A28A0028A28A0028A28A0028A28A0028A28A0028A28A0028A28A0028A28A0028A28A0028A28A0028A28A0028A28A0028A28A0028A28A0028A28A0028A28A0028A28A0028A28A0028A28A0028A28A0028A28A0028A28A0028A28A0028A28A0028A28A0028A28A0028A28A0028A28A0028A28A0028A28A0028A28A0028A28A0028A28A0028A28A0028A28A0028A28A0028A28A0028A28A0028A28A0028A28A0028A28A0028A28A0028A28A0028A28A0028A28A00FFD90000000000000000000000000000000000000000000000000000000000000000000000000000000000000000000000000000000000000000000000000000000000000000000000000000000000000000000000000000000000000000000000000000000000000000000000000000000000000000000000000000000000000000000000000000000000000000000000000000000000000000000000000000000000000000000000000000000000000000000000000000000000000000000000000000000000000000000000000000000000000000000000000000000000000000000000000000000000000000000000000000000000000000000000000000000000000000000000000000000000000000000000000000000000000000000000000000000000000000000000000000000000000000000000000000000000000000000000000000000000000000000000000000000000000000000000000000000000000000000000000000000000000000000000000000000000000000000000000000000000000000000000000000000000000000000000000000000000000000000000000000000000000000000000000000000000000000000000000000000000000000000000000000000000000000000000000000000000000000000000000000000000000000000000000000000000000000000000000000000000000000000000000000000000000000000000000000000000000000000000000000000000000000000000000000000000000000000000000000000000000000000000000000000000000000000000000000000000000000000000000000000000000000000000000000000000000000000000000000000000000000000000000000000000000000000000000000000000000000000000000000000000000000000000000000000000000000000000000000000000000000000000000000000000000000000000000000000000000000000000000000000000000000000000000000000000000000000000000000000000000000000000000000000000000000000000000000000000000000000000000000000000000000000000000000000000000000000000000000000000000000000000000000000000000000000000000000000000000000000000000000000000000000000000000000000000000000000000000000000000000000000000000000000000000000000000000000000000000000000000000000000000000000000000000000000000000000000000000000000000000000000000000000000000000000000000000000000000000000000000000000000000000000000000000000000000000000000000000000000000000000000000000000000000000000000000000000000000000000000000000000000000000000000000000000000000000000000000000000000000000000000000000000000000000000000000000000000000000000000000000000000000000000000000000000000000000000000000000000000000000000000000000000000000000000000000000000000000000000000000000000000000000000000000000000000000000000000000000000000000000000000000000000000000000000000000000000000000000000000000000000000000000000000000000000000000000000000000000000000000000000000000000000000000000000000000000000000000000000000000000000000000000000000000000000000000000000000000000000000000000000000000000000000000000000000000000000000000000000000000000000000000000000000000000000000000000000000000000000000000000000000000000000000000000000000000000000000000000000000000000000000000000000000000000000000000000000000000000000000000000000000000000000000000000000000000000000000000000000000000000000000000000000000000000000000000000000000000000000000000000000000000000000000000000000000000000000000000000000000000000000000000000000000000000000000000000000000000000000000000000000000000000000000000000000000000000000000000000000000000000000000000000000000000000000000000000000000000000000000000000000000000000000000000000000000000000000000000000000000000000000000000000000000000000000000000000000000000000000000000000000000000000000000000000000000000000000000000000000000000000000000000000000000000000000000000000000000000000000000000000000000000000000000000000000000000000000000000000000000000000000000000000000000000000000000000000000000000000000000000000000000000000000000000000000000000000000000000000000000000000000000000000000000000000000000000000000000000000000000000000000000000000000000000000000000000000000000000000000000000000000000000000000000000000000000000000000000000000000000000000000000000000000000000000000000000000000000000000000000000000000000000000000000000000000000000000000000000000000000000000000000000000000000000000000000000000000000000000000000000000000000000000000000000000000000000000000000000000000000000000000000000000000000000000000000000000000000000000000000000000000000000000000000000000000000000000000000000000000000000000000000000000000000000000000000000000000000000000000000000000000000000000000000000000000000000000000000000000000000000000000000000000000000000000000000000000000000000000000000000000000000000000000000000000000000000000000000000000000000000000000000000000000000000000000000000000000000000000000000000000000000000000000000000000000000000000000000000000000000000000000000000000000000000000000000000000000000000000000000000000000000000000000000000000000000000000000000000000000000000000000000000000000000000000000000000000000000000000000000000000000000000000000000000000000000000000000000000000000000000000000000000000000000000000000000000000000000000000000000000000000000000000000000000000000000000000000000000000000000000000000000000000000000000000000000000000000000000000000000000000000000000000000000000000000000000000000000000000000000000000000000000000000000000000000000000000000000000000000000000000000000000000000000000000000000000000000000000000000000000000000000000000000000000000000000000000000000000000000000000000000000000000000000000000000000000000000000000000000000000000000000000000000000000000000000000000000000000000000000000000000000000000000000000000000000000000000000000000000000000000000000000000000000000000000000000000000000000000000000000000000000000000000000000000000000000000000000000000000000000000000000000000000000000000000000000000000000000000000000000000000000000000000000000000000000000000000000000000000000000000000000000000000000000000000000000000000000000000000000000000000000000000000000000000000000000000000000000000000000000000000000000000000000000000000000000000000000000000000000000000000000000000000000000000000000000000000000000000000000000000000000000000000000000000000000000000000000000000000000000000000000000000000000000000000000000000000000000000000000000000000000000000000000000000000000000000000000000000000000000000000000000000000000000000000000000000000000000000000000000000000000000000000000000000000000000000000000000000000000000000000000000000000000000000000000000000000000000000000000000000000000000000000000000000000000000000000000000000000000000000000000000000000000000000000000000000000000000000000000000000000000000000000000000000000000000000000000000000000000000000000000000000000000000000000000000000000000000000000000000000000000000000000000000000000000000000000000000000000000000000000000000000000000000000000000000000000000000000000000000000000000000000000000000000000000000000000000000000000000000000000000000000000000000000000000000000000000000000000000000000000000000000000000000000000000000000000000000000000000000000000000000000000000000000000000000000000000000000000000000000000000000000000000000000000000000000000000000000000000000000000000000000000000000000000000000000000000000000000000000000000000000000000000000000000000000000000000000000000000000000000000000000000000000000000000000000000000000000000000000000000000000000000000000000000000000000000000000000000000000000000000000000000000000000000000000000000000000000000000000000000000000000000000000000000000000000000000000000000000000000000000000000000000000000000000000000000000000000000000000000000000000000000000000000000000000000000000000000000000000000000000000000000000000000000000000000000000000000000000000000000000000000000000000000000000000000000000000000000000000000000000000000000000000000000000000000000000000000000000000000000000000000000000000000000000000000000000000000000000000000000000000000000000000000000000000000000000000000000000000000000000000000000000000000000000000000000000000000000000000000000000000000000000000000000000000000000000000000000000000000000000000000000000000000000000000000000000000000000000000000000000000000000000000000000000000000000000000000000000000000000000000000000000000000000000000000000000000000000000000000000000000000000000000000000000000000000000000000000000000000000000000000000000000000000000000000000000000000000000000000000000000000000000000000000000000000000000000000000000000000000000000000000000000000000000000000000000000000000000000000000000000000000000000000000000000000000000000000000000000000000000000000000000000000000000000000000000000000000000000000000000000000000000000000000000000000000000000000000000000000000000000000000000000000000000000000000000000000000000000000000000000000000000000000000000000000000000000000000000000000000000000000000000000000000000000000000000000000000000000000000000000000000000000000000000000000000000000000000000000000000000000000000000000000000000000000000000000000000000000000000000000000000000000000000000000000000000000000000000000000000000000000000000000000000000000000000000000000000000000000000000000000000000000000000000000000000000000000000000000000000000000000000000000000000000000000000000000000000000000000000000000000000000000000000000000000000000000000000000000000000000000000000000000000000000000000000000000000000000000000000000000000000000000000000000000000000000000000000000000000000000000000000000000000000000000000000000000000000000000000000000000000000000000000000000000000000000000000000000000000000000000000000000000000000000000000000000000000000000000000000000000000000000000000000000000000000000000000000000000000000000000000000000000000000000000000000000000000000000000000000000000000000000000000000000000000000000000000000000000000000000000000000000000000000000000000000000000000000000000000000000000000000000000000000000000000000000000000000000000000000000000000000000000000000000000000000000000000000000000000000000000000000000000000000000000000000000000000000000000000000000000000000000000000000000000000000000000000000000000000000000000000000000000000000000000000000000000000000000000000000000000000000000000000000000000000000000000000000000000000000000000000000000000000000000000000000000000000000000000000000000000000000000000000000000000000000000000000000000000000000000000000000000000000000000000000000000000000000000000000000000000000000000000000000000000000000000000000000000000000000000000000000000000000000000000000000000000000000000000000000000000000000000000000000000000000000000000000000000000000000000000000000000000000000000000000000000000000000000000000000000000000000000000000000000000000000000000000000000000000000000000000000000000000000000000000000000000000000000000000000000000000000000000000000000000000000000000000000000000000000000000000000000000000000000000000000000000000000000000000000000000000000000000000000000000000000000000000000000000000000000000000000000000000000000000000000000000000000000000000000000000000000000000000000000000000000000000000000000000000000000000000000000000000000000000000000000000000000000000000000000000000000000000000000000000000000000000000000000000000000000000000000000000000000000000000000000000000000000000000000000000000000000000000000000000000000000000000000000000000000000000000000000000000000000000000000000000000000000000000000000000000000000000000000000000000000000000000000000000000000000000000000000000000000000000000000000000000000000000000000000000000000000000000000000000000000000000000000000000000000000000000000000000000000000000000000000000000000000000000000000000000000000000000000000000000000000000000000000000000000000000000000000000000000000000000000000000000000000000000000000000000000000000000000000000000000000000000000000000000000000000000000000000000000000000000000000000000000000000000000000000000000000000000000000000000000000000000000000000000000000000000000000000000000000000000000000000000000000000000000000000000000000000000000000000000000000000000000000000000000000000000000000000000000000000000000000000000000000000000000000000000000000000000000000000000000000000000000000000000000000000000000000000000000000000000000000000000000000000000000000000000000000000000000000000000000000000000000000000000000000000000000000000000000000000000000000000000000000000000000000000000000000000000000000000000000000000000000000000000000000000000000000000000000000000000000000000000000000000000000000000000000000000000000000000000000000000000000000000000000000000000000000000000000000000000000000000000000000000000000000000000000000000000000000000000000000000000000000000000000000000000000000000000000000000000000000000000000000000000000000000000000000000000000000000000000000000000000000000000000000000000000000000000000000000000000000000000000000000000000000000000000000000000000000000000000000000000000000000000000000000000000000000000000000000000000000000000000000000000000000000000000000000000000000000000000000000000000000000000000000000000000000000000000000000000000000000000000000000000000000000000000000000000000000000000000000000000000000000000000000000000000000000000000000000000000000000000000000000000000000000000000000000000000000000000000000000000000000000000000000000000000000000000000000000000000000000000000000000000000000000000000000000000000000000000000000000000000000000000000000000000000000000000000000000000000000000000000000000000000000000000000000000000000000000000000000000000000000000000000000000000000000000000000000000000000000000000000000000000000000000000000000000000000000000000000000000000000000000000000000000000000000000000000000000000000000000000000000000000000000000000000000000000000000000000000000000000000000000000000000000000000000000000000000000000000000000000000000000000000000000000000000000000000000000000000000000000000000000000000000000000000000000000000000000000000000000000000000000000000000000000000000000000000000000000000000000000000000000000000000000000000000000000000000000000000000000000000000000000000000000000000000000000000000000000000000000000000000000000000000000000000000000000000000000000000000000000000000000000000000000000000000000000000000000000000000000000000000000000000000000000000000000000000000000000000000000000000000000000000000000000000000000000000000000000000000000000000000000000000000000000000000000000000000000000000000000000000000000000000000000000000000000000000000000000000000000000000000000000000000000000000000000000000000000000000000000000000000000000000000000000000000000000000000000000000000000000000000000000000000000000000000000000000000000000000000000000000000000000000000000000000000000000000000000000000000000000000000000000000000000000000000000000000000000000000000000000000000000000000000000000000000000000000000000000000000000000000000000000000000000000000000000000000000000000000000000000000000000000000000000000000000000000000000000000000000000000000000000000000000000000000000000000000000000000000000000000000000000000000,2,'2011-02-12'),
 (6,0xFFD8FFE000104A46494600010101006000600000FFDB004300080606070605080707070909080A0C140D0C0B0B0C1912130F141D1A1F1E1D1A1C1C20242E2720222C231C1C2837292C30313434341F27393D38323C2E333432FFDB0043010909090C0B0C180D0D1832211C213232323232323232323232323232323232323232323232323232323232323232323232323232323232323232323232323232FFC00011080120014003012200021101031101FFC4001F0000010501010101010100000000000000000102030405060708090A0BFFC400B5100002010303020403050504040000017D01020300041105122131410613516107227114328191A1082342B1C11552D1F02433627282090A161718191A25262728292A3435363738393A434445464748494A535455565758595A636465666768696A737475767778797A838485868788898A92939495969798999AA2A3A4A5A6A7A8A9AAB2B3B4B5B6B7B8B9BAC2C3C4C5C6C7C8C9CAD2D3D4D5D6D7D8D9DAE1E2E3E4E5E6E7E8E9EAF1F2F3F4F5F6F7F8F9FAFFC4001F0100030101010101010101010000000000000102030405060708090A0BFFC400B51100020102040403040705040400010277000102031104052131061241510761711322328108144291A1B1C109233352F0156272D10A162434E125F11718191A262728292A35363738393A434445464748494A535455565758595A636465666768696A737475767778797A82838485868788898A92939495969798999AA2A3A4A5A6A7A8A9AAB2B3B4B5B6B7B8B9BAC2C3C4C5C6C7C8C9CAD2D3D4D5D6D7D8D9DAE2E3E4E5E6E7E8E9EAF2F3F4F5F6F7F8F9FAFFDA000C03010002110311003F00D434D22973499AC4A1A6987AD3CD30F5A005538E95A6DD6B316B489C81F4AD697522656BB1BA023EA3F4AA562736917D2AFDC0CC7F8D67E9E7FD113D856BD49E868274A7D313A53EA91225579BEFA9AB06ABDC7F0FD693D868B6CB9F6A8483EA6A7EAA3E9515310CC1F5A303BD29EB452010051D001452F4A4A06145145020A28E945218514B45002633DA9081E94FA4A00618D4F5149E52F6C8FC6A4C518A008C47FED1A528DFDEFD29F8A5C5032BB121B0707F0AB2A07943031504A3E6535623198850B710D348694F4A4A43236EB556E919A16D8FB587438071F9D5B6151BA828DF4A684374C8FCAB048F39DA315608E0D36D800840A79A4C68CD1C48E3DE9687E26718A4FC2B925B9B4762DD1452135420A61EB4ECD34F5A402AF5AD007217E82B394F35A00FC8BF415B52224327FF0057F88ACDD3F8B603D09AD09CE22359D627F76E3D246FE75A3DC9E86947D29D51C678A93356481AAF71D07D6A73505C7DC1F5A4C65B53945FA547D29F19CC49F4A8C9E4D3E8210D213484D26EC5003B3466984D26EA403E8CD33751BA81926696A30D4E06801D4B499A01A430A28A4CD002D28A6F5A51400B4514500453755AB10FFAAFC6ABCBDBEB53407E43F5A4B706069B4E3D69B40084714C2383521E94CC734085B6EA69E699070D4F3431A33E618B83F4A434EB918B85FA52115CB3F88DA3B136693341A4CD0214D34D04D349A0051D6AFA37C8BF4ACF0715750FEE90FB56B4F726425C730B566D836566FF00AEADFCEB4673989BE95996590F38FF00A686B57B9069C678A909A8623C54A4D52101350DC1FDDFE35266A1B83984D022CC2D9810FB5319BE63496E736CB4C91B0E69F4015980AC8BDF11E9B64CC925CA9914E0A2F2456578BB52B88962B2B5DEB24837B32FF77A63F9D71C34B9A4C972771A97248B8C1C8EB26F1F5AAB623B595973D490288FC7D6449F32DA751EAA41FF000AE424D31E33C8CD5592DD81E14D473DCBF6677CBE3AD34B7FAAB8DB8EBB47F8D4D0F8D34A971B9A58C9E30E9FE19AF34789D0722A304E69F38B90F67B4D4ADAF5736F2ABFD0D5D0D9AF14B6BFB9B372D04D2464F5DAC466BB3D03C5BBDBC8BD7E4E36391DFD2A93B92E27741A9C0D5586E2398663756F5C1E95306A044B9A4CD341A526801734A0D3452E6801D4134828A40325FBB524078351C9F74D3ADCF5FA50B70E838FDE3494ADD692860149DE968A6024670F4F6EB4C5FBE7EB4F6EA6930450BBE25534C278A96F07DD3EF5176AE6A8B535813E69B4134D3490C5A69A50691A9886E79ABD11FDC20AA03AD5E84E215FAD694F7265B0E90651BE86B22D980B9B81FED03FA0AD6761B0FD2B9892FBC8D525007CBF2EFF00C8735A32629B3A189AA6CF154ADE60C3A8E7A55ADD5684D0E26A0B83FB96A9339A86E0FEE5BE954225B36DD6C3EA692538634CB06CDB1F634B39F9A92D81EE72DAFC7225E09482519400DE9ED58FE6850739FC2BB4BB812E607864CED61CE3A8FA5715A868B7BA7B19A3904916FC023AE3DEB2A9077BA37A7512562A49A8AEF2046703F3A48665B963B11BF1A9AE12D410CF8C9F4CFF004A9AD9A18D328A573EB59743749DCAB716AACB861835492C9636DC305874CD6BCA43F535524DAA41A8BB4572A33B53444890900484F6AA96574F697293263721C8C8C8FCAAEDF5BBC8BD08206403594015383C1AD60D58C2A2D4EF745D7BCF954481558630C1701BD47D6BB44704641C8AF21B6495446237F98FF0E3F5AF44D22F59ED5165528EA0020F738E715ADCC5A374353B7557594114F0E0D3B924D9A506A30D4E0D40120345301A5CD000E7E534B01E7F0A6B72B4901F9852EA04CDD69A695BAD373CD3602D149450000E0D3DC9CD47FC5F853DBB7D2930456BCFF560FA1A8074AB1723309AAFDAB0A86B02434D34C4991C12AC0807069778F5A9B30BA1C38A426986450464F5A713C52D46308E6ADC64FD9860E0E48AA6DD6AD4077407D377F4AD69EE4C8E6EFAFAF2199D0DDCC30481FBB539FE5584F78FF6B2D264B3003715C66BB7BDB14B95270377F3AE36F130D824AB29A73B97068D2D3F52106C865C90CD84239EB5D24336E001EB5E78974CB771331DDB181FCABB0B3B91346244E869D36C9A9157364366992FCD1B0F6A86398371D0D4AC7287E95B19584D38FEE1C7FB552CDD4541A71C2483DC54D2F6A16C0C81C5569D15E364700A91822ACB1E2A85E5CA42A72727B01D686C12398D534B68DD9E06C83EA39159D1C2CC7F7C70077635A77BA9380711707D4D6634EEDF7E2500F41DEB1693D8EA87325762CD2A47C2B66AAB4F93D734D9A0918E401F414D8ADE4638087F2AC6C8D6ECB00961DCD54B9B6573B870D5A22DDD1416EBE952C5646421A4E07A50B7B835CC8A7A646F1B9511AC98604F383F8576F605CC43713EC0904D73EB15BC2CBBD822F738CD5CFED179085D3E0291AF576EFF009D6D16ED76652A2DEC748A6A50D5CF25E5EA8CB4A09FF7454F1EB2E8D899015F55EB473A3374A48DC0E454AB27AD5386649A359118153D0D4C0F35773368B6181A766ABAB605481B8A04484F14C88FCC2973C5323386FC6802C31A4CD231C1A4CD36243B34134DCD19A0009F987D2A427207D2A2CFCC2A407E514304473F309AA6A72A0D5C9398DAA8A1F96B9EA9AC08602E6056750AC7B631FA544ED3F9D80004C75C5599A455C673F966A9B2A3CBBFCC93A63183C517BAD4562590902327FBC2AC8354DD832AAAEE2430FE135700C0A4C681AACDA9FDC3FF00BD5558D59B4FF5527D45553DC522461C5715AF968EF91420D8CA73C77C9AED5F815CC6A3089EFD5187557C7E75B3B344C5D99CEC96E08DC06D3EFC56C68D7A8545B93FBC1927078ACE36E2390ABAFCDEA6A27478A412C670EA7208ACAEA2CDECE513B489B26AD03C56069DA92DD27F7645FBCB5AF1CC08F7AD93BEA60E36D092C1B0D28F7AB133600AA1652013CA29352BE4B5841382E7EEAFAFFF005A9A7A0ADAD9105FDF880144FF005847E55CFC97EBCB97DC7D73D6A2B89D998C8CC4B9393CD664B23DC4DBDB68038C2A803F4AC95E72B743B68D1D52EAC9DEE96E6E7611F28E9568DAA3A8C706B31D390CA70CBDE925D42631188275E37034E749A66D5685483B3D4B92BC70B952BB987A1AAE6F642C429007A0155A3576C1271C7635662C46C091914D5176B89E16AB8F33FB90916E927555C0763D59B156155CDCB44F730461464B6FE3E9F5A6CAF6ED1B7EEF2C47522A89750700003E952E0F7D8854124E524D1D0E9B268E619D2E65CDD80C5643928C7B01C7F8548B751AA0DA4607A5731BC03C118A90CFB470D54E3CF1DCDE149544E577F33A4172241C1A86539ACBB09CE30C7BD5B965C2D733D373168D6D0EF3CBB86B663F2BF2BFEF57461ABCFA39DA39D1D7EF2B023EB5DE2B77AD69BBA396AC6CEE5856A786A814D3C1AD0C89C35229C31FAD301A14FCC6802CB1C9A4A6EEE94B9E2A988766814DCD2834801BB7D69CA7E514C73F2FE229CBF74FD69808FF0070FD2A8A1E0FD6AF1E41E6B3D4E1987BD615762E1B92D18A5C52566580141E94521E94011B75AB3667292FE155DAA7B4E0C83D40AB86E43266AC1BC03FB522FF0081FF004ADF65E2B0AFC6DD461E3F88F3F80ADD929105F590B88CB20FDE28C8F7AC4273956E187515D646326B2357D3727CD8860D2946E8B84ECEC73F20689C491B1561D08AD3B1D754911DC615FF00BDD01ACC69304A38C30EB55668849D0E2B152B3377152474DFDA9F679642837391C0EC2B367B86919A495CB39EA4D508E410263D2AADC5E16C814DC9CBD070A6A2589A5329645C9E09E3D075A85463BF07A552532B36E52463BD5C8DBD4007E95D343B58EEC2C9735891C950173D79351AA027DE9CC464939E680403ED5BB8B3BACEFA83A9538C8C7A8A4C951C118A964712B6428030060534B0DD90A02FF768B4BA14F9BA10B337B1A8CB8EFC548D18C92090298401F7985269F525A646C01E411513A90322A561193D7F23519217A37159C92309A45DD286EC93EB5A138F96A8E920B163DB35A738F96B8EA2D4F39E841A5C1F68D4E14232A0EE6FA0E6BB5535CA68AE22BA958FDEDB81F4CD74B1CC1C55C3639AAFC45A0D4F0D50669EA6ACC4B00D04FCD51034EDDCD005807A53F355FCCE95286069887E69453334B9A00243F237D29F1B6437E75139C29CD32D2659436D3D3AD30EA59359C7899C56813C567B713B7D2B1A9B171DC9A8CD2519AC8A0CD04D266909A0621352DAB1F3187B5426A5B71893EA2AA1B92CB47A75AC4D4CEDB988FAC83F91FF000ADA1D2B0F5BC896123A798BFC9ABA1EC4226126D20938A65D5EDB42156E24540EB95DC7191EA3DAB2F546B9FB09310C907E6006722B9A91E56D9891D55571B4E4007F0A771A57372FECA3B9532C0EAC3B329C8FA561BA4D19DAD1B8FC29F6124C6F6016E1B703891BB30CF7FC2BA996D86380083DAA79548D2327138C649643B4023EB4F8EC4E72C33F5ADB96D36DD0014F3DAA74B167240423F0A146C5BA8627D9C0ED509186233D2BA74D378E9826B9A656591810723AD745156773B30724E5718DCE0528A4032D9A776ADFADCF523DC4C6690E45293499A4511B216EA69A608FB93F9D4B8CD1802A5C5325C53DC80C119E8A7F3A85EDC63E57FC2AD326EEA4D44625F4350E29F4329413E85ED28222B0CF4AB933F3C563DACBF679F9CED6F5ADA55575DD5C552367A9E64E3CAEC430B793307CF07835B114E57073595226108AB1672EF8707AAF06A62EDA18CE37D4E86DE712A8F5AB20D61C3218DC106B5A1944883D6B54EE73B459534ECF351A9A7138C5310AC7A5480D42C7814F5E94FA08956422A50FC557069C0D2B80F90E54F3DAA2B37FDE38E7900F269CC78AA964AEB7B23330DAC30140C63154235B359F31C5CE3D455D06A8DD713A9F5AC6A7C25C7726CD2669B9A4CD6450ECD04F14D26909E290C09EF5340FFBC19EE2AB13C53EDF971CF3571DC4CBDBB81591ACF443E8CA7F5FFEBD6AF6ACBD63FD4E49E98FFD0857432102A03804555BAD3E1326E312907DAAD4672055C0A19403C8A6B541B1826C95181897047A568A2E63048C1C722ADF9080E40A71518C628482E64BC63ED4848EE2B516350A703B552B950B731E2B4718073E9569032A484223363EE826B817E4F2735DA6A33AA69F70770CF9640E7D78AE2DBAD6F4968CF4F2F5F13199A09A0E69B8AD0F503345140152D0C5CD19A38A3229001351934F24531B02932591C8722AED95DE708DD6A91C1A682CA432F5158548F32392BC3995D1BB210CBC54762F89DD7D466A2B7984B18E69F1111DD29EC78AE3D99C12D51AABD6AFDB3918ACF46E956A27C5688E691AA8D9A7E6AA473E3F84D4A26CE3E5356458998E569E878A88B02334F8CE568E8224CD3B34CCD19C5003C9E2A288E2E3F1A7E722A25E2E3F106981A03A551BDE2443EF5701E2A9DFFDD53EF59D4F85951DC7E693346692B12809A42682690D03184D4B070EBDF350B1E2A580E645FAD52DC4CB64F3599AD1FF00453F4FEA2B45BEF1E6B3B57E6CDBFDD35D266821395539ED5790F02B3ADCE634FA0AD04FBA2921B24A4345349AB1156E20696542A4003A93534B1F9A30D2E07A01431A631A686676AB6B0C7A65C38932C146063DC571E4D765AAE0E9B7009C7C99AE34D7452D227AD97FC2C69A69E29C6986A99E88A05068CD140583AD06826985AA5E8029C5309C52D262A496309E69ACD4ADD6984FB54331931F6D398A6DA4FCA6B60A8923DC3A8AC20D89D491C67915D15A848D11A446641D5436DC8C1F63EDF97BD734E079F515A5A162D9BCC8D5B3F5AD1896B2EDE683788E28E443B7E6DCE1816EE470303DB9FAD6A42781528E496E5E8C28EC2A70463EE8FCAABC75303C55998F383D87E14AA31D29A0D381A603E933499A0D210F06A1638987E14EEF514CD875A60688355AFF00FD4E7D2A753C5437833037D2A67B31ADC6D19A0D15CE681DA9A4D29349400C38A7C1C48BCF7A6377A2138917EB5484CBEC3E63543545CD93FF00BADFC8D68B0F98D51D49435AB0E79047E86BA4CD156D0E608CFB0AD18FEE8ACBB239B68CFF00B22B4A3FBA2921B242698C714E3D298D562209A6110DCD9C7B5406F14F4473F4145E8CC63EB56A260B688C4ED50BC927A0A633075BBB26CC4615977B0CE46323D3F957386B6F569E4D567516CA5A08B2039380C7B919FA0AA1FD9775E89FF7D56D19C22ACD9EBE1270A74ED27A940D3720D5D934FB841CAA9FA1AA92412A72508A3DAC3B9D5EDE9BEA252E2A06774ED9A85AF245FE1149D687713C4D35D4B4E714DEA6AA7DAD9CE0A8A9D242DDAA1D68B12C4D27D49945358629572691DC8EC7F3A4EB40AFAC52EE42D9A8C8E79269EC4B1A61C834B9937A19B9C65AA18C76BA9EB835B725D6205603823358851E5701466AF4A0F9688A4B606081DAB29EA7254DD97ADE4DF1895480C3D2B66D26132060D8F5AC0B48CC7194C6E67E80738ADDB64112AA8038159A56672D43523473D24FD2A6585C8FF5BFA5430302055A1C8AB4738D3138FF0096C4FE14F404704E69169C3AD3402F4A3AD29A6E681013514C7953F5A90D4139C01F5A6068C4D945FA536E06E858532DDB312F3DA9F2F319A960479A42682692B9CD428268A4A00427D688FEF0FAD07BD350E1AA9099A4C7E63556F4660C7BD5927E6AAF724797CFA8AE932332C5BFD123FA569447E5ACAD3C8FB220F4E2B5223C0A114C969AD4E34D354229DE0FDD134F445974E68DFEE3232B7D3BD2DC8FDC9A85A4F2F4D6F53F28A1BB0D19B0C6238D50740302A43D298A6876E2B98E92099BAD5190E2ACCAC2A8CCFC9A9B948A97081B2475ACD95073EB5A133F159F33649029A655AFA15C0C355F8141AA58AD0B50A40A63946C4FB38E2A375E2AE0518A8655A5726E5074E72298CE14E18645592B55A71F3628B9506D3D0081F7A3727F4229F14CE8CB93900E707BD42A318AB11E31CE3154A7D19D4ACF74741672C53441A25031D463A55B518AC0B56951FF00D1B249EAA0647E35D026703775EF8AA6AC79F5A0A2F42DC0D8AD04395ACB88E0D5F89B814D183251D69C3AD341E69F5489169B4B494804355E7FB9F88A9CD4337FAB6A6058B66FDD2D4CE7E43F4AAD6A7F763EB5609C834980C34DA5CF1495CC8D00D21E94669339A6026680467DE83480F3420347A907DAA0BA19889F422A6072AA7FD91515CFFA86AEAE86463E9FFEA48F4761FAD6A43D2B2ECB8F387A4AFF00CEB4E23C5111B26A4269734D354222B8E626FA5655CCDFBA48BD0926B5A6198DBE95CE5CC844EC3D2A26F434A7AB2556A64AF8A80CDB454125C0F5AE76EC74D90B2BE2A94AFD69D2C84D32088DC4EB18E87AFD296E3D16A529A4EC2AB15CD74F26916AFF00C0CBF46A81F43848F964707DF06B4F66C71AD0473DB2AD5B003A9AD07D0DD7EECC0FD571546781ED6528DD7B11472B439548C968CBAAEA475A639CD54466AB118C8E6A59231B8154DD4B486AFB81566DB4F8E58C48ECC73D8714AD71A9462EECC958F1ED57ED6C1E6652C988F3C93C66B522B2B788E5631BBD4F356801E954A3AEA12C4E968A11235450AA0003A002A40314014A0551CAD8F438357226E2A90E0D5989B814D125B539352540879A9C552245A434A69A4D00213504DFEADBE9531A8E419523DA9A00B53943F5AB59E2AA59FDC3F855AA4033268A6E68CD739A0A68A33499A0434F5EB483AD07AD14D033450FEE93FDD151DC0FDC3FD29D11CC29F4A497989FE86BA56C66635A7125C0F494D694359B6DFF001F7743D1FF00A0AD186888327A08A70A3154222901D86B99D4E19633F685198F804FA1AEA5B95355208D2559629143230C107B8A5257D0A8CB95DCE3249C91EF51E4B55AD4EC5AC6F1E2392A7943EA2ABA29C75AE7946CCEB8CAFA88471CD6869312E24972339DBF4AA0C33C524264824F3236C37F3A4B462926D1D19029302A0B4BB5B94FEEB8EAB566B6B9CED598D2A3154350B31731607DF5E54FF4AD123351B29A0133944CAB15C720E2AC80C053A4406E1C8FEF1A93031593DCE98BD08197D6B4F4F3BAD80F424566B9C0AD0D2B989C7FB54A3B935362F014F0280B4E02B430B894E033462945020C5491B60D333914A0E0D005C435601C8AA71B6715694E455210F3C8A434B9E290D30129AC29D4D634010D9F423D055B26A9DAF0EC3EBFCEAD134806668A28CD739614869692818878A4CF34A693BD00CBF0F36E9F8FF3A1FF00D5B7D29B01FDC0FA9A7B7DD35D51D8C998B0717F743D4A9FFC7456845ED59B11FF00899CFEE887FA56943D688832D0E94503A5154211BA1AAD6BFEB9EAC9E9556160B72F9A008F56B05BEB60381229CA1FE95C8BC6D14851D76B03822BB595A57E11303D48ACBBFD2E5BA1BC281201C10319A89C6FB1A427CBA339E229BB6A47478DCA3A90C0E083484715CED1D09912C8D0481D0E08ADDB79D6789645EFD47A561B815634D94ACC62DD80DD3EB5507AD889ABAB9B42A39DC470BB7A0A5087FBD55352252D4F3D4815ADCC96E6386CB9A796E2A253CD3C9AC8E8446C735ABA5A6D819BD5AB2CA96200E49AE82DE030C0898E40E7EB4E2B522A3D09334A3E94DC30ED4B97F4154623A9738A6E5FD0527CFED4C093701DA82699F3FA8A5C3FF787E54012C64E6ADA37BD678DE0FDEFD2AC444FF7A9A132F678A6E69AA78A5CF34C05CD46CD4E26A173C50032063E7B7A64D5A2DC56642596FC0CFCAD9E2B44F4A00FA368A28A81851451400514514005145140051451400514514005145140051451400514514005145140051451400571DF14FF00E49BEADFF6C7FF0047257635C97C4C85A7F87BA9C6BD58C3FF00A39281ADCF9E34BB5F367F3587CA9D3DCD6D914D862482258D3A0A90F4A696812776331484669C690734C4371CD18E69F8A423345806D19C52E29A4114805CD4919C1A887269E38A045B56C8A766ABABE3BD49BC55A10F26A2719A76ECD2374A760335329AC4619F21B3818F6AD8359DB07DB564C7200C1ABDBBAE695867D1F4515C5FC41861B897C3715C693FDAB136A9F3596C8DBCDFDC4BC6242138EBC91D2B3292DCED28AF38B7B4D5F4416369647FB0AD756D65845668B1CA6D6036EC4A81F32231742F85CA82DFC5C836F5BD475F8F5E5D0AC26D62636F60B39B8B35B1F3A676665CB89F6AED1B467CB5EADC91C647FD7DD70B7F5F3B1DE54515CC13C934714D1C9242C12554704C6D8070C3B1C1079EC4571F6DA8EB5AEDDDB594DA9B68AE9A5437B2B59AC32196472C18067574289B47DDE4EF1F37AD59BC41AB49AA5C6989A908A39B588AC52F5228C986336AB2FCB9054B33E402C1BEFF007E29DB5B7F5BD85FD7E173BFA8E79E1B5B792E2E258E186352F24923055451C9249E00AC5F0D5EDDCEFAAD95DDCB5E7F67DE7D9D2ED9555A51B11FE60A02EE52C54ED0071D335CBF8CA7BED5346F19AB6AD3D85AE996CD0ADB42916270600E59D9D19B04B6D1B4AFDD3CE7A2FF00871C55DD8F45043286520823208EF4B5E6BA8EBDE247BED5134B8B500BA5471089216B25B793312C84CE666120539232980029C12738EFB504BCB8D22E52C2716D7AF0B7932150C124C70483904668968AE4C75B799728AE120F18DEEA1A76A3ACD9206834BD319A7B5C03BAF7059A2638C83185C100FF001FB0ACD6D77C5163A36A577249A87967479AEE2B8BFF00B09DB32052A6158189643B893BC3630BCF2727F5F9FF0091493765DFFE07F99E9B45798F8BA5D5ED748D434FB8D6AE6F22D4341BCB970F0C2BE4BC61388F6A03B48760436E38C60E793BB78F77A7E93A75843ACEBD79A85C6658BEC91D979CF1AA8DC33246B1041B97D1B247269B56FEBCDAFD05D13EFF00F03FCCEC6A29EE60B58C49713470C65950348E146E62028C9EE49007A93587E09D56F358F0D25C6A1B8DD47713DBB970818F972B202C1095DD8519DA76E738E2B94D767BED57497D4AE7569E18A3D7A1B54D3512211623BB441B894F30B1C6FE180E4718EA5BDE51F4FCD7F9874BFF005D7FC8EFE6D634CB6B196FA7D46D22B389CA4970F3AAC68C1B690589C021B8C7AF1535ADF5A5E87369750CE13018C5206DB950C338E99041FA106BCEEEAE352D70787CC9AADCDB49FF000915E5B89208E2C854170138746524050391DC9EB82342E35DD58EAB7BA5A5F9851F588AC12EFCA42D6F19B6590E32BB4B336402C08CBF43C0A12BFF005E9FE6392B3FBFF0BFF91D95CEA1656448BABCB78088DA52259557E45C6E6E4F419193D064558043286520823208EF5E6FE32BABFB2D32F748935792FE09345D46495E58E20ECC823DA1B62A8040761C01D46477AF43B4FF008F283FEB9AFF002A2DA5FF00AEBFE40F4B7CFF004FF326A28A29082B9AF1F8CF827511FF005CFF00F462D74B5CCFC41711F81F51639C0F2BA0CFFCB45A6B703C39970692A17BB53D164FFBE0FF008533ED3FEC487FE026A8458A41D6A0370F8E2193F2A689A5CF103FE9FE3480B805181502BDC91FF1EE47D58507ED47FE592FFDF5FF00D6A76604A4014D38A88ADE1FE08C7FC08FF8537C8BC3D447F99A2CC6485B149E6015035B5EA9CFC847B039A16DA7738122EEF4DA41FE7459889C4B522C81BAD40BA74E4F329FC054C9A6499E667FD3FC29A4C091580EF4EF306319A55D37A66473F88A77F66C7CE59FFEFAABB315D151E555B94E7A8AB6655C9C1A8DB4A80B86218B0E8771A3FB3D73FEBA5FF3F852E561A1F4BD452DB413BC2F3431C8F0BEF899D0128D8232B9E87048C8EC4D4B45625114B6D04EF0BCD0C723C2FBE267404A3608CAE7A1C12323B1355B53D174AD6A38E3D574CB3BF48CEE45BA81650A7D40607157A8A00CEBEF0FE8DA9DBC16F7FA4585DC16E310C73DB248B18C63E504103803A54B3693A6DC5BDCDBCDA7DA490DD106E237854ACA40006E0461B85039F41E9572BE7110FB5690873DC4DD8FA1ECECAD34EB48ED2C6D61B5B68C6121823088BCE7851C0AAB7FE1FD1754BA5BAD4348B0BBB844F2D65B8B6491C2F3F2824138E4F1EE6BC26DE2009C8AB5B40EA4553A5E6252B1ED97FE1FD17549A19B50D22C2EE5806227B8B6490C63AE149071F8568D7CFD26CC83B97AFAD3C14FEFAFE74BD9798B98F78B7B4B6B3120B6B78A012C8D2C82240BBDDBAB1C7527B9EB546DFC33A05AB5CB5BE87A6C26E94A5C18ED235F394F50F81F303E86BC5F29D981FA541711EEDB34408953A7CA7E61E87DA8F65E63E63DF5ACED9E6499ADE16963468D1CA02550E32A0F6070323D85669F09F86DAC16C0F87F4A364B279AB6E6CA3F2C3E31B82E319C719EB5E350CA93C61D430EC5483953E86A4C03D8FE54FD9798731EE5676369A75B2DB58DAC16B029256282308A093938038EB5526F0EE8971A89D466D1F4F92F98A9372F6A8643B71B7E6233C6063D303D2BC1B508AFDE4516D22A478E78E7F3ACB6D32FB248F2D989E4B31FF0A9941A7745A4ADB9F4B2E9B629E5EDB2B75F2E569D31128DB2367738E3863B9B27A9C9F5A6CFA569D750DD4371616B2C576435C2490AB2CC400017047CDC0039F41E95F333E8F7EDFF002D221F4CD42FE1FBA6E4988FB339E7F4A9E49761AB3EA7D331787F4582D56D61D22C23B758DE25892D9020473975000C6188191DF1CD68001542A8000180076AF01F86BA4DC5A78F74D95C42117CDFBA493FEA9C7A57BFD277EA2692D828A28A420AE6FC7C09F04EA0075FDDFF00E8C5AE92B9DF1DC625F065FA12C33E5F2A7047EF169ADC0F0EFB3BB528B327A9356099603FBECB27FCF451D3EA3FA8AB0A8AEA195F703D086ADF95137298B4C53D6D80AB5E50F56FFBE8D2F963FC9A2C22016E076A5F240A9BCB5FEE8A3CB5FEE8FCA9D844251477146D4F51F9D4FB00E8051B68190054A6BC48FC32E47D2AD6D346DF6A2C054F25D3946247F75867F5EB409428FDE2347EFD47E75742D2ECA2C0555753C8E47AF14A1BDAA436A9925328C7A95FF0E94D2B247F7903AFAAF07F2A3501877641DBFAD3B693D80A50C8FF0074F23A823047E1532A8C5023FFD9000000000000000000000000000000000000000000000000000000000000000000000000000000000000000000000000000000000000000000000000000000000000000000000000000000000000000000000000000000000000000000000000000000000000000000000000000000000000000000000000000000000000000000000000000000000000000000000000000000000000000000000000000000000000000000000000000000000000000000000000000000000000000000000000000000000000000000000000000000000000000000000000000000000000000000000000000000000000000000000000000000000000000000000000000000000000000000000000000000000000000000000000000000000000000000000000000000000000000000000000000000000000000000000000000000000000000000000000000000000000000000000000000000000000000000000000000000000000000000000000000000000000000000000000000000000000000000000000000000000000000000000000000000000000000000000000000000000000000000000000000000000000000000000000000000000000000000000000000000000000000000000000000000000000000000000000000000000000000000000000000000000000000000000000000000000000000000000000000000000000000000000000000000000000000000000000000000000000000000000000000000000000000000000000000000000000000000000000000000000000000000000000000000000000000000000000000000000000000000000000000000000000000000000000000000000000000000000000000000000000000000000000000000000000000000000000000000000000000000000000000000000000000000000000000000000000000000000000000000000000000000000000000000000000000000000000000000000000000000000000000000000000000000000000000000000000000000000000000000000000000000000000000000000000000000000000000000000000000000000000000000000000000000000000000000000000000000000000000000000000000000000000000000000000000000000000000000000000000000000000000000000000000000000000000000000000000000000000000000000000000000000000000000000000000000000000000000000000000000000000000000000000000000000000000000000000000000000000000000000000000000000000000000000000000000000000000000000000000000000000000000000000000000000000000000000000000000000000000000000000000000000000000000000000000000000000000000000000000000000000000000000000000000000000000000000000000000000000000000000000000000000000000000000000000000000000000000000000000000000000000000000000000000000000000000000000000000000000000000000000000000000000000000000000000000000000000000000000000000000000000000000000000000000000000000000000000000000000000000000000000000000000000000000000000000000000000000000000000000000000000000000000000000000000000000000000000000000000000000000000000000000000000000000000000000000000000000000000000000000000000000000000000000000000000000000000000000000000000000000000000000000000000000000000000000000000000000000000000000000000000000000000000000000000000000000000000000000000000000000000000000000000000000000000000000000000000000000000000000000000000000000000000000000000000000000000000000000000000000000000000000000000000000000000000000000000000000000000000000000000000000000000000000000000000000000000000000000000000000000000000000000000000000000000000000000000000000000000000000000000000000000000000000000000000000000000000000000000000000000000000000000000000000000000000000000000000000000000000000000000000000000000000000000000000000000000000000000000000000000000000000000000000000000000000000000000000000000000000000000000000000000000000000000000000000000000000000000000000000000000000000000000000000000000000000000000000000000000000000000000000000000000000000000000000000000000000000000000000000000000000000000000000000000000000000000000000000000000000000000000000000000000000000000000000000000000000000000000000000000000000000000000000000000000000000000000000000000000000000000000000000000000000000000000000000000000000000000000000000000000000000000000000000000000000000000000000000000000000000000000000000000000000000000000000000000000000000000000000000000000000000000000000000000000000000000000000000000000000000000000000000000000000000000000000000000000000000000000000000000000000000000000000000000000000000000000000000000000000000000000000000000000000000000000000000000000000000000000000000000000000000000000000000000000000000000000000000000000000000000000000000000000000000000000000000000000000000000000000000000000000000000000000000000000000000000000000000000000000000000000000000000000000000000000000000000000000000000000000000000000000000000000000000000000000000000000000000000000000000000000000000000000000000000000000000000000000000000000000000000000000000000000000000000000000000000000000000000000000000000000000000000000000000000000000000000000000000000000000000000000000000000000000000000000000000000000000000000000000000000000000000000000000000000000000000000000000000000000000000000000000000000000000000000000000000000000000000000000000000000000000000000000000000000000000000000000000000000000000000000000000000000000000000000000000000000000000000000000000000000000000000000000000000000000000000000000000000000000000000000000000000000000000000000000000000000000000000000000000000000000000000000000000000000000000000000000000000000000000000000000000000000000000000000000000000000000000000000000000000000000000000000000000000000000000000000000000000000000000000000000000000000000000000000000000000000000000000000000000000000000000000000000000000000000000000000000000000000000000000000000000000000000000000000000000000000000000000000000000000000000000000000000000000000000000000000000000000000000000000000000000000000000000000000000000000000000000000000000000000000000000000000000000000000000000000000000000000000000000000000000000000000000000000000000000000000000000000000000000000000000000000000000000000000000000000000000000000000000000000000000000000000000000000000000000000000000000000000000000000000000000000000000000000000000000000000000000000000000000000000000000000000000000000000000000000000000000000000000000000000000000000000000000000000000000000000000000000000000000000000000000000000000000000000000000000000000000000000000000000000000000000000000000000000000000000000000000000000000000000000000000000000000000000000000000000000000000000000000000000000000000000000000000000000000000000000000000000000000000000000000000000000000000000000000000000000000000000000000000000000000000000000000000000000000000000000000000000000000000000000000000000000000000000000000000000000000000000000000000000000000000000000000000000000000000000000000000000000000000000000000000000000000000000000000000000000000000000000000000000000000000000000000000000000000000000000000000000000000000000000000000000000000000000000000000000000000000000000000000000000000000000000000000000000000000000000000000000000000000000000000000000000000000000000000000000000000000000000000000000000000000000000000000000000000000000000000000000000000000000000000000000000000000000000000000000000000000000000000000000000000000000000000000000000000000000000000000000000000000000000000000000000000000000000000000000000000000000000000000000000000000000000000000000000000000000000000000000000000000000000000000000000000000000000000000000000000000000000000000000000000000000000000000000000000000000000000000000000000000000000000000000000000000000000000000000000000000000000000000000000000000000000000000000000000000000000000000000000000000000000000000000000000000000000000000000000000000000000000000000000000000000000000000000000000000000000000000000000000000000000000000000000000000000000000000000000000000000000000000000000000000000000000000000000000000000000000000000000000000000000000000000000000000000000000000000000000000000000000000000000000000000000000000000000000000000000000000000000000000000000000000000000000000000000000000000000000000000000000000000000000000000000000000000000000000000000000000000000000000000000000000000000000000000000000000000000000000000000000000000000000000000000000000000000000000000000000000000000000000000000000000000000000000000000000000000000000000000000000000000000000000000000000000000000000000000000000000000000000000000000000000000000000000000000000000000000000000000000000000000000000000000000000000000000000000000000000000000000000000000000000000000000000000000000000000000000000000000000000000000000000000000000000000000000000000000000000000000000000000000000000000000000000000000000000000000000000000000000000000000000000000000000000000000000000000000000000000000000000000000000000000000000000000000000000000000000000000000000000000000000000000000000000000000000000000000000000000000000000000000000000000000000000000000000000000000000000000000000000000000000000000000000000000000000000000000000000000000000000000000000000000000000000000000000000000000000000000000000000000000000000000000000000000000000000000000000000000000000000000000000000000000000000000000000000000000000000000000000000000000000000000000000000000000000000000000000000000000000000000000000000000000000000000000000000000000000000000000000000000000000000000000000000000000000000000000000000000000000000000000000000000000000000000000000000000000000000000000000000000000000000000000000000000000000000000000000000000000000000000000000000000000000000000000000000000000000000000000000000000000000000000000000000000000000000000000000000000000000000000000000000000000000000000000000000000000000000000000000000000000000000000000000000000000000000000000000000000000000000000000000000000000000000000000000000000000000000000000000000000000000000000000000000000000000000000000000000000000000000000000000000000000000000000000000000000000000000000000000000000000000000000000000000000000000000000000000000000000000000000000000000000000000000000000000000000000000000000000000000000000000000000000000000000000000000000000000000000000000000000000000000000000000000000000000000000000000000000000000000000000000000000000000000000000000000000000000000000000000000000000000000000000000000000000000000000000000000000000000000000000000000000000000000000000000000000000000000000000000000000000000000000000000000000000000000000000000000000000000000000000000000000000000000000000000000000000000000000000000000000000000000000000000000000000000000000000000000000000000000000000000000000000000000000000000000000000000000000000000000000000000000000000000000000000000000000000000000000000000000000000000000000000000000000000000000000000000000000000000000000000000000000000000000000000000000000000000000000000000000000000000000000000000000000000000000000000000000000000000000000000000000000000000000000000000000000000000000000000000000000000000000000000000000000000000000000000000000000000000000000000000000000000000000000000000000000000000000000000000000000000000000000000000000000000000000000000000000000000000000000000000000000000000000000000000000000000000000000000000000000000000000000000000000000000000000000000000000000000000000000000000000000000000000000000000000000000000000000000000000000000000000000000000000000000000000000000000000000000000000000000000000000000000000000000000000000000000000000000000000000000000000000000000000000000000000000000000000000000000000000000000000000000000000000000000000000000000000000000000000000000000000000000000000000000000000000000000000000000000000000000000000000000000000000000000000000000000000000000000000000000000000000000000000000000000000000000000000000000000000000000000000000000000000000000000000000000000000000000000000000000000000000000000000000000000000000000000000000000000000000000000000000000000000000000000000000000000000000000000000000000000000000000000000000000000000000000000000000000000000000000000000000000000000000000000000000000000000000000000000000000000000000000000000000000000000000000000000000000000000000000000000000000000000000000000000000000000000000000000000000000000000000000000000000000000000000000000000000000000000000000000000000000000000000000000000000000000000000000000000000000000000000000000000000000000000000000000000000000000000000000000000000000000000000000000000000000000000000000000000000000000000000000000000000000000000000000000000000000000000000000000000000000000000000000000000000000000000000000000000000000000000000000000000000000000000000000000000000000000000000000000000000000000000000000000000000000000000000000000000000000000000000000000000000000000000000000000000000000000000000000000000000000000000000000000000000000000000000000000000000000000000000000000000000000000000000000000000000000000000000000000000000000000000000000000000000000000000000000000000000000000000000000000000000000000000000000000000000000000000000000000000000000000000000000000000000000000000000000000000000000000000000000000000000000000000000000000000000000000000000000000000000000000000000000000000000000000000000000000000000000000000000000000000000000000000000000000000000000000000000000000000000000000000000000000000000000000000000000000000000000000000000000000000000000000000000000000000000000000000000000000000000000000000000000000000000000000000000000000000000000000000000000000000000000000000000000000000000000000000000000000000000000000000000000000000000000000000000000000000000000000000000000000000000000000000000000000000000000000000000000000000000000000000000000000000000000000000000000000000000000000000000000000000000000000000000000000000000000000000000000000000000000000000000000000000000000000000000000000000000000000000000000000000000000000000000000000000000000000000000000000000000000000000000000000000000000000000000000000000000000000000000000000000000000000000000000000000000000000000000000000000000000000000000000000000000000000000000000000000000000000000000000000000000000000000000000000000000000000000000000000000000000000000000000000000000000000000000000000000000000000000000000000000000000000000000000000000000000000000000000000000000000000000000000000000000000000000000000000000000000000000000000000000000000000000000000000000000000000000000000000000000000000000000000000000000000000000000000000000000000000000000000000000000000000000000000000000000000000000000000000000000000000000000000000000000000000000000000000000000000000000000000000000000000000000000000000000000000000000000000000000000000000000000000000000000000000000000000000000000000000000000000000000000000000000000000000000000000000000000000000000000000000000000000000000000000000000000000000000000000000000000000000000000000000000000000000000000000000000000000000000000000000000000000000000000000000000000000000000000000000000000000000000000000000000000000000000000000000000000000000000000000000000000000000000000000000000000000000000000000000000000000000000000000000000000000000000000000000000000000000000000000000000000000000000000000000000000000000000000000000000000000000000000000000000000000000000000000000000000000,2,'2011-02-13');
/*!40000 ALTER TABLE `productosimagenes` ENABLE KEYS */;


--
-- Definition of table `proveedores`
--

DROP TABLE IF EXISTS `proveedores`;
CREATE TABLE `proveedores` (
  `id` int(11) NOT NULL AUTO_INCREMENT,
  `identidades` int(11) NOT NULL,
  `idcontacto` int(11) NOT NULL,
  `usu` int(11) NOT NULL,
  `fmodif` date NOT NULL,
  `estado` int(1) unsigned DEFAULT NULL,
  PRIMARY KEY (`id`),
  UNIQUE KEY `Contacto_unico` (`idcontacto`),
  UNIQUE KEY `Entidad_Unica` (`identidades`),
  KEY `Contactos_Entidades` (`idcontacto`),
  KEY `Proveedores_Entidades` (`identidades`),
  CONSTRAINT `Contactos_Entidades` FOREIGN KEY (`idcontacto`) REFERENCES `entidades` (`id`) ON DELETE NO ACTION ON UPDATE NO ACTION,
  CONSTRAINT `Proveedores_Entidades` FOREIGN KEY (`identidades`) REFERENCES `entidades` (`id`) ON DELETE NO ACTION ON UPDATE NO ACTION
) ENGINE=InnoDB AUTO_INCREMENT=4 DEFAULT CHARSET=latin1;

--
-- Dumping data for table `proveedores`
--

/*!40000 ALTER TABLE `proveedores` DISABLE KEYS */;
INSERT INTO `proveedores` VALUES  (1,8,9,2,'2011-02-09',NULL),
 (2,14,23,2,'2011-02-09',NULL),
 (3,6,24,2,'2011-02-09',NULL);
/*!40000 ALTER TABLE `proveedores` ENABLE KEYS */;


--
-- Definition of table `proveeedorproducto`
--

DROP TABLE IF EXISTS `proveeedorproducto`;
CREATE TABLE `proveeedorproducto` (
  `id` int(11) NOT NULL AUTO_INCREMENT,
  `proveedores_id` int(11) NOT NULL,
  `productos_id` int(11) NOT NULL,
  `preciocompra` decimal(10,4) DEFAULT NULL,
  PRIMARY KEY (`id`),
  UNIQUE KEY `LLave_Primaria` (`proveedores_id`,`productos_id`),
  KEY `fk_ProveeedorProducto_proveedores1` (`proveedores_id`),
  KEY `fk_ProveeedorProducto_productos1` (`productos_id`),
  CONSTRAINT `fk_ProveeedorProducto_productos1` FOREIGN KEY (`productos_id`) REFERENCES `productos` (`id`) ON DELETE NO ACTION ON UPDATE NO ACTION,
  CONSTRAINT `fk_ProveeedorProducto_proveedores1` FOREIGN KEY (`proveedores_id`) REFERENCES `proveedores` (`id`) ON DELETE NO ACTION ON UPDATE NO ACTION
) ENGINE=InnoDB DEFAULT CHARSET=latin1;

--
-- Dumping data for table `proveeedorproducto`
--

/*!40000 ALTER TABLE `proveeedorproducto` DISABLE KEYS */;
/*!40000 ALTER TABLE `proveeedorproducto` ENABLE KEYS */;


--
-- Definition of table `sucursales`
--

DROP TABLE IF EXISTS `sucursales`;
CREATE TABLE `sucursales` (
  `id` int(11) NOT NULL AUTO_INCREMENT,
  `identidades` int(11) NOT NULL,
  `idusuario` int(11) DEFAULT NULL COMMENT 'Administrador de la Sucursal',
  `idmunicipio` int(11) NOT NULL,
  `usu` int(11) NOT NULL,
  `fmodif` datetime NOT NULL,
  `estado` int(1) NOT NULL,
  `numerofactura` int(11) NOT NULL,
  PRIMARY KEY (`id`),
  KEY `fk_Sucursales_Entidades1` (`identidades`),
  KEY `fk_Sucursales_Usuarios1` (`idusuario`),
  KEY `fk_Sucursales_Municipio1` (`idmunicipio`),
  CONSTRAINT `fk_Sucursales_Entidades1` FOREIGN KEY (`identidades`) REFERENCES `entidades` (`id`) ON DELETE NO ACTION ON UPDATE NO ACTION,
  CONSTRAINT `fk_Sucursales_Municipio1` FOREIGN KEY (`idmunicipio`) REFERENCES `municipios` (`id`) ON DELETE NO ACTION ON UPDATE NO ACTION,
  CONSTRAINT `fk_Sucursales_Usuarios1` FOREIGN KEY (`idusuario`) REFERENCES `usuarios` (`id`) ON DELETE NO ACTION ON UPDATE NO ACTION
) ENGINE=InnoDB AUTO_INCREMENT=3 DEFAULT CHARSET=latin1;

--
-- Dumping data for table `sucursales`
--

/*!40000 ALTER TABLE `sucursales` DISABLE KEYS */;
INSERT INTO `sucursales` VALUES  (1,18,3,11,2,'2011-02-11 00:02:07',1,12345),
 (2,19,2,11,2,'2011-02-02 22:29:15',1,0);
/*!40000 ALTER TABLE `sucursales` ENABLE KEYS */;


--
-- Definition of table `tiposfacturas`
--

DROP TABLE IF EXISTS `tiposfacturas`;
CREATE TABLE `tiposfacturas` (
  `id` int(11) NOT NULL AUTO_INCREMENT,
  `descripcion` varchar(45) DEFAULT NULL,
  `habilitado` int(1) DEFAULT NULL,
  `usu` int(11) DEFAULT NULL,
  `fmodif` datetime DEFAULT NULL,
  PRIMARY KEY (`id`),
  UNIQUE KEY `Descripcion` (`descripcion`)
) ENGINE=InnoDB AUTO_INCREMENT=3 DEFAULT CHARSET=latin1;

--
-- Dumping data for table `tiposfacturas`
--

/*!40000 ALTER TABLE `tiposfacturas` DISABLE KEYS */;
INSERT INTO `tiposfacturas` VALUES  (1,'Contado',1,1,'2011-01-09 00:00:00'),
 (2,'Crédito',1,1,'2011-01-09 00:00:00');
/*!40000 ALTER TABLE `tiposfacturas` ENABLE KEYS */;


--
-- Definition of table `tiposmotocicletas`
--

DROP TABLE IF EXISTS `tiposmotocicletas`;
CREATE TABLE `tiposmotocicletas` (
  `id` int(11) NOT NULL AUTO_INCREMENT,
  `descripcion` varchar(45) NOT NULL,
  `habilitado` int(1) NOT NULL,
  `usu` int(11) NOT NULL,
  `fmodif` datetime NOT NULL,
  PRIMARY KEY (`id`),
  UNIQUE KEY `Descripcion` (`descripcion`)
) ENGINE=InnoDB AUTO_INCREMENT=12 DEFAULT CHARSET=latin1;

--
-- Dumping data for table `tiposmotocicletas`
--

/*!40000 ALTER TABLE `tiposmotocicletas` DISABLE KEYS */;
INSERT INTO `tiposmotocicletas` VALUES  (9,'Turismo',1,1,'2011-01-09 00:00:00'),
 (10,'Montañeza',1,1,'2011-01-09 00:00:00'),
 (11,'Todo Terreno',1,2,'2011-02-19 00:00:00');
/*!40000 ALTER TABLE `tiposmotocicletas` ENABLE KEYS */;


--
-- Definition of table `usuarios`
--

DROP TABLE IF EXISTS `usuarios`;
CREATE TABLE `usuarios` (
  `id` int(11) NOT NULL AUTO_INCREMENT,
  `identidades` int(11) NOT NULL,
  `contrasena` varchar(30) NOT NULL,
  `usuario` varchar(45) NOT NULL,
  `estado` int(1) unsigned NOT NULL,
  `idsucursales` int(11) DEFAULT NULL,
  `usu` int(11) NOT NULL,
  `fmodif` varchar(45) NOT NULL,
  `idrol` int(10) unsigned NOT NULL,
  PRIMARY KEY (`id`),
  UNIQUE KEY `InicioSesion` (`usuario`),
  UNIQUE KEY `Entidad` (`identidades`),
  UNIQUE KEY `Usuario` (`usuario`),
  KEY `fk_Usuarios_Sucursales1` (`idsucursales`),
  KEY `Usuarios_Entidad` (`identidades`),
  CONSTRAINT `fk_Usuarios_Sucursales1` FOREIGN KEY (`idsucursales`) REFERENCES `sucursales` (`id`) ON DELETE NO ACTION ON UPDATE NO ACTION,
  CONSTRAINT `Usuarios_Entidad` FOREIGN KEY (`identidades`) REFERENCES `entidades` (`id`) ON DELETE NO ACTION ON UPDATE NO ACTION
) ENGINE=InnoDB AUTO_INCREMENT=5 DEFAULT CHARSET=latin1;

--
-- Dumping data for table `usuarios`
--

/*!40000 ALTER TABLE `usuarios` DISABLE KEYS */;
INSERT INTO `usuarios` VALUES  (2,4,'12345678','smayorquin',1,1,2,'2011-02-02 22:27:15',4),
 (3,9,'1234567','pcastro',1,NULL,2,'2011-01-29 20:57:18',5),
 (4,11,'12345678','cmaldonado',0,NULL,2,'2011-01-28 23:23:13',1);
/*!40000 ALTER TABLE `usuarios` ENABLE KEYS */;


--
-- Definition of function `CrearUsuario`
--

DROP FUNCTION IF EXISTS `CrearUsuario`;

DELIMITER $$

/*!50003 SET @TEMP_SQL_MODE=@@SQL_MODE, SQL_MODE='STRICT_TRANS_TABLES,NO_AUTO_CREATE_USER,NO_ENGINE_SUBSTITUTION' */ $$
CREATE DEFINER=`root`@`localhost` FUNCTION `CrearUsuario`(nombreusuario nvarchar(45) ) RETURNS varchar(45) CHARSET utf8
BEGIN
set @conteo =0;

select count(*) from usuarios where usuario = nombreusuario  into @conteo;

if @conteo =0 then
  return nombreusuario;
else
  set @conteo=@conteo +1;
  return concat(nombreusuario,@conteo);
end if;

END $$
/*!50003 SET SESSION SQL_MODE=@TEMP_SQL_MODE */  $$

DELIMITER ;

--
-- Definition of procedure `Clientes_Buscar`
--

DROP PROCEDURE IF EXISTS `Clientes_Buscar`;

DELIMITER $$

/*!50003 SET @TEMP_SQL_MODE=@@SQL_MODE, SQL_MODE='STRICT_TRANS_TABLES,STRICT_ALL_TABLES,NO_ZERO_IN_DATE,NO_ZERO_DATE,ERROR_FOR_DIVISION_BY_ZERO,TRADITIONAL,NO_AUTO_CREATE_USER' */ $$
CREATE DEFINER=`root`@`localhost` PROCEDURE `Clientes_Buscar`(

/*defiicion de parametros*/
id nvarchar(11),
identidades nvarchar(11),
entidadnombre nvarchar(120),
espersonanatural nvarchar(1)
)
BEGIN
/*defiicion de consulta*/
set @Campos="select ";
set @from=" ";
set @where=" where 1=1 ";
set @orden= "order by c.id ";
set @join = " ";
set @sql="";

set @campos= concat( @campos," * ");

set @from= concat(@from," from clientes c ");


/*defiicion de filtros*/
if id<>"" then
  set @where= concat(@where, " and c.id = ", id, " ");
end if;

if identidades<>"" then
  set @where = concat(@where, " and c.identidades = ",identidades," ");
end if;

if entidadnombre<>"" and espersonanatural <>""  then
  set @where = concat(@where, " and   e.entidadnombre like'",entidadnombre, "%' ");
end if;

if espersonanatural <>"" then
  set @join= concat(@join, " inner join ventidades e on e.IdEntidad=c.identidades and espersonanatural = ",espersonanatural);
end if;

set @sql = concat(@campos,@from,@join,@where,@orden);

/*ejecucion de consulta*/
PREPARE stmt FROM @sql;
EXECUTE stmt;
DEALLOCATE PREPARE stmt;


END $$
/*!50003 SET SESSION SQL_MODE=@TEMP_SQL_MODE */  $$

DELIMITER ;

--
-- Definition of procedure `Clientes_Mant`
--

DROP PROCEDURE IF EXISTS `Clientes_Mant`;

DELIMITER $$

/*!50003 SET @TEMP_SQL_MODE=@@SQL_MODE, SQL_MODE='STRICT_TRANS_TABLES,NO_AUTO_CREATE_USER,NO_ENGINE_SUBSTITUTION' */ $$
CREATE DEFINER=`root`@`localhost` PROCEDURE `Clientes_Mant`(

/*definicion de parametros*/

inout id int,
identidades int,
usu int,
fmodif datetime
)
BEGIN


set @conteo =0;
select count(c.id) from clientes c where c.id=id into @conteo;

if @conteo =0 then

  INSERT INTO clientes(identidades,usu,fmodif)

  VALUES(identidades,usu,fmodif);

  select last_insert_id() into id;

else

  UPDATE clientes c set
        c.identidades= identidades,
        c.usu=usu,
        c.fmodif=fmodif
  where c.id= id;

end if;


END $$
/*!50003 SET SESSION SQL_MODE=@TEMP_SQL_MODE */  $$

DELIMITER ;

--
-- Definition of procedure `Departamentos_Buscar`
--

DROP PROCEDURE IF EXISTS `Departamentos_Buscar`;

DELIMITER $$

/*!50003 SET @TEMP_SQL_MODE=@@SQL_MODE, SQL_MODE='STRICT_TRANS_TABLES,NO_AUTO_CREATE_USER,NO_ENGINE_SUBSTITUTION' */ $$
CREATE DEFINER=`root`@`localhost` PROCEDURE `Departamentos_Buscar`(

/*defiicion de parametros*/
id nvarchar(11),
descripcion nvarchar(45)

)
BEGIN
/*defiicion de consulta*/
set @Campos="select ";
set @from=" ";
set @where=" where 1=1 ";
set @orden= "order by descripcion ";
set @sql="";

set @campos= concat( @campos," * ");

set @from= concat(@from," from departamentos ");


/*defiicion de filtros*/
if id<>"" then
  set @where= concat(@where, " and id = ", id, " ");
end if;

if descripcion<>"" then
  set @where = concat(@where, " and descripcion like '",descripcion, "%' ");
end if;


set @sql = concat(@campos,@from,@where,@orden);

/*ejecucion de consulta*/
PREPARE stmt FROM @sql;
EXECUTE stmt;
DEALLOCATE PREPARE stmt;


END $$
/*!50003 SET SESSION SQL_MODE=@TEMP_SQL_MODE */  $$

DELIMITER ;

--
-- Definition of procedure `Departamentos_Mant`
--

DROP PROCEDURE IF EXISTS `Departamentos_Mant`;

DELIMITER $$

/*!50003 SET @TEMP_SQL_MODE=@@SQL_MODE, SQL_MODE='STRICT_TRANS_TABLES,NO_AUTO_CREATE_USER,NO_ENGINE_SUBSTITUTION' */ $$
CREATE DEFINER=`root`@`localhost` PROCEDURE `Departamentos_Mant`(

/*definicion de parametros*/

inout id int,
descripcion nvarchar(45),
habilitado tinyint,
usu int,
fmodif date
)
BEGIN


set @conteo =0;
select count(id) from departamentos d where d.id=id into @conteo;

if @conteo =0 then

  INSERT INTO departamentos(descripcion,habilitado,usu,fmodif)

  VALUES(descripcion,habilitado,usu,fmodif);

  select last_insert_id() into id;

else

  UPDATE departamentos c set
        c.descripcion= descripcion,
        c.habilitado =habilitado,
        c.usu=usu,
        c.fmodif=fmodif
  where c.id= id;

end if;


END $$
/*!50003 SET SESSION SQL_MODE=@TEMP_SQL_MODE */  $$

DELIMITER ;

--
-- Definition of procedure `Entidades_Mant`
--

DROP PROCEDURE IF EXISTS `Entidades_Mant`;

DELIMITER $$

/*!50003 SET @TEMP_SQL_MODE=@@SQL_MODE, SQL_MODE='STRICT_TRANS_TABLES,NO_AUTO_CREATE_USER,NO_ENGINE_SUBSTITUTION' */ $$
CREATE DEFINER=`root`@`localhost` PROCEDURE `Entidades_Mant`(

/*definicion de parametros*/

inout id int,
telefono int,
direccion varchar(150),
correo varchar (45),
espersonanatural bool,
rtn varchar(18),
entidadnombre varchar(120),
identificacion varchar(45),
tipoidentidad varchar(1),
telefono2 int,
usu int,
fmodif date
)
BEGIN


set @conteo =0;
select count(e.id) from entidades E where E.id=id into @conteo;

if @conteo =0 then

  INSERT INTO entidades(telefono, direccion,correo,espersonanatural, RTN, usu,fmodif,entidadnombre,identificacion,tipoidentidad,telefono2)

  VALUES(telefono,direccion,correo,espersonanatural,rtn,usu,fmodif,entidadnombre,identificacion,tipoidentidad,telefono2);

  select last_insert_id() into id;

else

  UPDATE entidades e SET
        e.telefono=telefono,
        e.direccion=direccion,
        e.correo=correo,
        e.espersonanatural= espersonanatural,
        e.RTN= rtn,
        e.usu=usu,
        e.fmodif= fmodif,
        e.entidadnombre=entidadnombre,
        e.identificacion=identificacion,
        e.tipoidentidad=tipoidentidad,
        e.telefono2=telefono2
  where e.id= id;

end if;


END $$
/*!50003 SET SESSION SQL_MODE=@TEMP_SQL_MODE */  $$

DELIMITER ;

--
-- Definition of procedure `Imagenes_Buscar`
--

DROP PROCEDURE IF EXISTS `Imagenes_Buscar`;

DELIMITER $$

/*!50003 SET @TEMP_SQL_MODE=@@SQL_MODE, SQL_MODE='STRICT_TRANS_TABLES,NO_AUTO_CREATE_USER,NO_ENGINE_SUBSTITUTION' */ $$
CREATE DEFINER=`root`@`localhost` PROCEDURE `Imagenes_Buscar`(

id nvarchar(11),
tabla nvarchar (60)
)
BEGIN

set @Campos="select ";
set @from=" ";
set @where=" where 1=1 ";
set @orden= "order by id ";
set @sql="";

set @campos= concat( @campos," * ");

set @from= concat(@from," from ", Tabla);



if id<>"" then
  set @where= concat(@where, " and id = ", id, " ");
end if;


set @sql = concat(@campos,@from,@where,@orden);


PREPARE stmt FROM @sql;
EXECUTE stmt;
DEALLOCATE PREPARE stmt;


END $$
/*!50003 SET SESSION SQL_MODE=@TEMP_SQL_MODE */  $$

DELIMITER ;

--
-- Definition of procedure `Inventario_Buscar`
--

DROP PROCEDURE IF EXISTS `Inventario_Buscar`;

DELIMITER $$

/*!50003 SET @TEMP_SQL_MODE=@@SQL_MODE, SQL_MODE='STRICT_TRANS_TABLES,NO_AUTO_CREATE_USER,NO_ENGINE_SUBSTITUTION' */ $$
CREATE DEFINER=`root`@`localhost` PROCEDURE `Inventario_Buscar`(


id nvarchar(11),
idsucursal nvarchar(11),
idproducto nvarchar(11)
)
BEGIN

set @Campos="select ";
set @from=" ";
set @where=" where 1=1 ";
set @orden= "order by id ";
set @sql="";

set @campos= concat( @campos," * ");

set @from= concat(@from," from inventario");



if id<>"" then
  set @where= concat(@where, " and id = ", id, " ");
end if;


if idsucursal<>"" then
  set @where= concat(@where, " and idsucursales = ", idsucursal, " ");
end if;


if idproducto<>"" then
  set @where= concat(@where, " and idproductos = ", idproducto, " ");
end if;


set @sql = concat(@campos,@from,@where,@orden);


PREPARE stmt FROM @sql;
EXECUTE stmt;
DEALLOCATE PREPARE stmt;

END $$
/*!50003 SET SESSION SQL_MODE=@TEMP_SQL_MODE */  $$

DELIMITER ;

--
-- Definition of procedure `Inventario_Mant`
--

DROP PROCEDURE IF EXISTS `Inventario_Mant`;

DELIMITER $$

/*!50003 SET @TEMP_SQL_MODE=@@SQL_MODE, SQL_MODE='STRICT_TRANS_TABLES,NO_AUTO_CREATE_USER,NO_ENGINE_SUBSTITUTION' */ $$
CREATE DEFINER=`root`@`localhost` PROCEDURE `Inventario_Mant`(

/*definicion de parametros*/

inout id int,
idsucursales int,
idproductos int,
cantidad int,
usu int,
fmodif datetime
)
BEGIN


set @conteo =0;
select count(id) from inventario m where m.id=id into @conteo;

if @conteo =0 then

  INSERT INTO inventario(idsucursales,idproductos,cantidad,usu,fmodif)

  VALUES(idsucursales,idproductos,cantidad,usu,fmodif);

  select last_insert_id() into id;

else

  UPDATE inventario c set
        c.idsucursales=idsucursales,
        c.idproductos=idproductos,
        c.cantidad= cantidad,
        c.usu=usu,
        c.fmodif=fmodif
  where c.id= id;

end if;

END $$
/*!50003 SET SESSION SQL_MODE=@TEMP_SQL_MODE */  $$

DELIMITER ;

--
-- Definition of procedure `MantenimientosComplejos_Buscar`
--

DROP PROCEDURE IF EXISTS `MantenimientosComplejos_Buscar`;

DELIMITER $$

/*!50003 SET @TEMP_SQL_MODE=@@SQL_MODE, SQL_MODE='STRICT_TRANS_TABLES,NO_AUTO_CREATE_USER,NO_ENGINE_SUBSTITUTION' */ $$
CREATE DEFINER=`root`@`localhost` PROCEDURE `MantenimientosComplejos_Buscar`(

/*defiicion de parametros*/
id nvarchar(11),
identidades nvarchar(11),
entidadnombre nvarchar(120),
espersonanatural nvarchar(1),
usuario nvarchar(45),
contrasena nvarchar(30),
estado nvarchar(1),
idrol nvarchar(55),
tabla nvarchar(25)
)
BEGIN
/*defiicion de consulta*/
set @Campos="select ";
set @from=" ";
set @where=" where 1=1 ";
set @orden= "order by c.id ";
set @join = " ";
set @sql="";

set @campos= concat( @campos," * ");

set @from= concat(@from," from ", tabla,"  c ");


/*defiicion de filtros*/
if id<>"" then
  set @where= concat(@where, " and c.id = ", id, " ");
end if;

if identidades<>"" then
  set @where = concat(@where, " and c.identidades = ",identidades," ");
end if;

if estado<>"" then
  set @where = concat(@where, " and c.estado = ",estado," ");
end if;

if idrol<>"" then
  set @where = concat(@where, " and c.idrol ",idrol," ");
end if;


if usuario<>"" and contrasena<> "" then
  set @where = concat(@where, " and c.usuario COLLATE latin1_general_cs like '",usuario,"' and  contrasena COLLATE latin1_general_cs like '",contrasena,"' ");
end if;


if entidadnombre<>""  then
  set @where = concat(@where, " and   e.entidadnombre like '",entidadnombre, "%' ");
end if;

if espersonanatural <>"" then
  set @join= concat(@join, " inner join ventidades e on e.IdEntidad=c.identidades and espersonanatural = ",espersonanatural);
else
  set @join= concat(@join," inner join ventidades e on e.IdEntidad=c.identidades");
end if;

set @sql = concat(@campos,@from,@join,@where,@orden);

/*ejecucion de consulta*/
PREPARE stmt FROM @sql;
EXECUTE stmt;
DEALLOCATE PREPARE stmt;


END $$
/*!50003 SET SESSION SQL_MODE=@TEMP_SQL_MODE */  $$

DELIMITER ;

--
-- Definition of procedure `Mantenimientos_Buscar`
--

DROP PROCEDURE IF EXISTS `Mantenimientos_Buscar`;

DELIMITER $$

/*!50003 SET @TEMP_SQL_MODE=@@SQL_MODE, SQL_MODE='STRICT_TRANS_TABLES,NO_AUTO_CREATE_USER,NO_ENGINE_SUBSTITUTION' */ $$
CREATE DEFINER=`root`@`localhost` PROCEDURE `Mantenimientos_Buscar`(


id nvarchar(11),
descripcion nvarchar(45),
tabla nvarchar (60),
habilitado nvarchar(1),
idderivada nvarchar(11)

)
BEGIN

set @Campos="select ";
set @from=" ";
set @where=" where 1=1 ";
set @orden= "order by descripcion ";
set @sql="";

set @campos= concat( @campos," * ");

set @from= concat(@from," from ", Tabla);



if id<>"" then
  set @where= concat(@where, " and id = ", id, " ");
end if;

if descripcion<>"" then
  set @where = concat(@where, " and descripcion like '",descripcion, "%' ");
end if;

if habilitado<>"" then
  set @where = concat(@where, " and habilitado =  ", habilitado, " ");
end if;

if idderivada<>"" then
  set @where = concat(@where, " and idderivada =  ", idderivada, " ");
end if;


set @sql = concat(@campos,@from,@where,@orden);


PREPARE stmt FROM @sql;
EXECUTE stmt;
DEALLOCATE PREPARE stmt;


END $$
/*!50003 SET SESSION SQL_MODE=@TEMP_SQL_MODE */  $$

DELIMITER ;

--
-- Definition of procedure `Marcas_Buscar`
--

DROP PROCEDURE IF EXISTS `Marcas_Buscar`;

DELIMITER $$

/*!50003 SET @TEMP_SQL_MODE=@@SQL_MODE, SQL_MODE='STRICT_TRANS_TABLES,NO_AUTO_CREATE_USER,NO_ENGINE_SUBSTITUTION' */ $$
CREATE DEFINER=`root`@`localhost` PROCEDURE `Marcas_Buscar`(

/*defiicion de parametros*/
id nvarchar(11),
descripcion nvarchar(45)

)
BEGIN
/*defiicion de consulta*/
set @Campos="select ";
set @from=" ";
set @where=" where 1=1 ";
set @orden= "order by descripcion ";
set @sql="";

set @campos= concat( @campos," * ");

set @from= concat(@from," from marcas ");


/*defiicion de filtros*/
if id<>"" then
  set @where= concat(@where, " and id = ", id, " ");
end if;

if descripcion<>"" then
  set @where = concat(@where, " and descripcion like '",descripcion, "%' ");
end if;


set @sql = concat(@campos,@from,@where,@orden);

/*ejecucion de consulta*/
PREPARE stmt FROM @sql;
EXECUTE stmt;
DEALLOCATE PREPARE stmt;


END $$
/*!50003 SET SESSION SQL_MODE=@TEMP_SQL_MODE */  $$

DELIMITER ;

--
-- Definition of procedure `Marcas_Mant`
--

DROP PROCEDURE IF EXISTS `Marcas_Mant`;

DELIMITER $$

/*!50003 SET @TEMP_SQL_MODE=@@SQL_MODE, SQL_MODE='STRICT_TRANS_TABLES,NO_AUTO_CREATE_USER,NO_ENGINE_SUBSTITUTION' */ $$
CREATE DEFINER=`root`@`localhost` PROCEDURE `Marcas_Mant`(

/*definicion de parametros*/

inout id int,
descripcion nvarchar(45),
habilitado int,
usu int,
fmodif date
)
BEGIN


set @conteo =0;
select count(id) from Marcas m where m.id=id into @conteo;

if @conteo =0 then

  INSERT INTO Marcas(descripcion,habilitado,usu,fmodif)

  VALUES(descripcion,habilitado,usu,fmodif);

  select last_insert_id() into id;

else

  UPDATE Marcas c set
        c.descripcion= descripcion,
        c.habilitado =habilitado,
        c.usu=usu,
        c.fmodif=fmodif
  where c.id= id;

end if;


END $$
/*!50003 SET SESSION SQL_MODE=@TEMP_SQL_MODE */  $$

DELIMITER ;

--
-- Definition of procedure `Modelos_Buscar`
--

DROP PROCEDURE IF EXISTS `Modelos_Buscar`;

DELIMITER $$

/*!50003 SET @TEMP_SQL_MODE=@@SQL_MODE, SQL_MODE='STRICT_TRANS_TABLES,STRICT_ALL_TABLES,NO_ZERO_IN_DATE,NO_ZERO_DATE,ERROR_FOR_DIVISION_BY_ZERO,TRADITIONAL,NO_AUTO_CREATE_USER' */ $$
CREATE DEFINER=`root`@`localhost` PROCEDURE `Modelos_Buscar`(

/*defiicion de parametros*/
id nvarchar(11),
descripcion nvarchar(45)

)
BEGIN
/*defiicion de consulta*/
set @Campos="select ";
set @from=" ";
set @where=" where 1=1 ";
set @orden= "order by descripcion ";
set @sql="";

set @campos= concat( @campos," * ");

set @from= concat(@from," from modelos ");


/*defiicion de filtros*/
if id<>"" then
  set @where= concat(@where, " and id = ", id, " ");
end if;

if descripcion<>"" then
  set @where = concat(@where, " and descripcion like '",descripcion, "%' ");
end if;


set @sql = concat(@campos,@from,@where,@orden);

/*ejecucion de consulta*/
PREPARE stmt FROM @sql;
EXECUTE stmt;
DEALLOCATE PREPARE stmt;


END $$
/*!50003 SET SESSION SQL_MODE=@TEMP_SQL_MODE */  $$

DELIMITER ;

--
-- Definition of procedure `Modelos_Mant`
--

DROP PROCEDURE IF EXISTS `Modelos_Mant`;

DELIMITER $$

/*!50003 SET @TEMP_SQL_MODE=@@SQL_MODE, SQL_MODE='STRICT_TRANS_TABLES,NO_AUTO_CREATE_USER,NO_ENGINE_SUBSTITUTION' */ $$
CREATE DEFINER=`root`@`localhost` PROCEDURE `Modelos_Mant`(

/*definicion de parametros*/

inout id int,
descripcion nvarchar(45),
habilitado bool,
idderivada int,
usu int,
fmodif date
)
BEGIN


set @conteo =0;
select count(id) from modelos m  where m.id=id into @conteo;

if @conteo =0 then

  INSERT INTO modelos(descripcion,habilitado,idderivada,usu,fmodif)

  VALUES(descripcion,habilitado,idderivada,usu,fmodif);

  select last_insert_id() into id;

else

  UPDATE modelos c set
        c.descripcion= descripcion,
        c.habilitado =habilitado,
        c.idderivada= idderivada,
        c.usu=usu,
        c.fmodif=fmodif
  where c.id= id;

end if;


END $$
/*!50003 SET SESSION SQL_MODE=@TEMP_SQL_MODE */  $$

DELIMITER ;

--
-- Definition of procedure `Municipios_Buscar`
--

DROP PROCEDURE IF EXISTS `Municipios_Buscar`;

DELIMITER $$

/*!50003 SET @TEMP_SQL_MODE=@@SQL_MODE, SQL_MODE='STRICT_TRANS_TABLES,STRICT_ALL_TABLES,NO_ZERO_IN_DATE,NO_ZERO_DATE,ERROR_FOR_DIVISION_BY_ZERO,TRADITIONAL,NO_AUTO_CREATE_USER' */ $$
CREATE DEFINER=`root`@`localhost` PROCEDURE `Municipios_Buscar`(

/*defiicion de parametros*/
id nvarchar(11),
descripcion nvarchar(45)

)
BEGIN
/*defiicion de consulta*/
set @Campos="select ";
set @from=" ";
set @where=" where 1=1 ";
set @orden= "order by descripcion ";
set @sql="";

set @campos= concat( @campos," * ");

set @from= concat(@from," from municipios ");


/*defiicion de filtros*/
if id<>"" then
  set @where= concat(@where, " and id = ", id, " ");
end if;

if descripcion<>"" then
  set @where = concat(@where, " and descripcion like '",descripcion, "%' ");
end if;


set @sql = concat(@campos,@from,@where,@orden);

/*ejecucion de consulta*/
PREPARE stmt FROM @sql;
EXECUTE stmt;
DEALLOCATE PREPARE stmt;


END $$
/*!50003 SET SESSION SQL_MODE=@TEMP_SQL_MODE */  $$

DELIMITER ;

--
-- Definition of procedure `Municipios_Mant`
--

DROP PROCEDURE IF EXISTS `Municipios_Mant`;

DELIMITER $$

/*!50003 SET @TEMP_SQL_MODE=@@SQL_MODE, SQL_MODE='STRICT_TRANS_TABLES,NO_AUTO_CREATE_USER,NO_ENGINE_SUBSTITUTION' */ $$
CREATE DEFINER=`root`@`localhost` PROCEDURE `Municipios_Mant`(

/*definicion de parametros*/

inout id int,
descripcion nvarchar(45),
habilitado bool,
idderivada int,
usu int,
fmodif date
)
BEGIN


set @conteo =0;
select count(id) from municipios m  where m.id=id into @conteo;

if @conteo =0 then

  INSERT INTO municipios(descripcion,habilitado,idderivada,usu,fmodif)

  VALUES(descripcion,habilitado,idderivada,usu,fmodif);

  select last_insert_id() into id;

else

  UPDATE municipios c set
        c.descripcion= descripcion,
        c.habilitado =habilitado,
        c.idderivada= idderivada,
        c.usu=usu,
        c.fmodif=fmodif
  where c.id= id;

end if;


END $$
/*!50003 SET SESSION SQL_MODE=@TEMP_SQL_MODE */  $$

DELIMITER ;

--
-- Definition of procedure `PersonaJuridica_Buscar`
--

DROP PROCEDURE IF EXISTS `PersonaJuridica_Buscar`;

DELIMITER $$

/*!50003 SET @TEMP_SQL_MODE=@@SQL_MODE, SQL_MODE='STRICT_TRANS_TABLES,NO_AUTO_CREATE_USER,NO_ENGINE_SUBSTITUTION' */ $$
CREATE DEFINER=`root`@`localhost` PROCEDURE `PersonaJuridica_Buscar`(

/*defiicion de parametros*/
id nvarchar(11),
razonsocial nvarchar(120),
razonsocialigual nvarchar(120),
rtn nvarchar(18)
)
BEGIN
/*defiicion de consulta*/
set @Campos="select ";
set @from=" ";
set @where=" where 1=1 ";
set @orden= "order by razonsocial ";
set @sql="";

set @campos= concat( @campos," * ");

set @from= concat(@from," from personasjuridicas ");


/*defiicion de filtros*/
if id<>"" then
  set @where= concat(@where, " and id = ", id, " ");
end if;

if razonsocial<>"" then
  set @where = concat(@where, " and razonsocial like '",razonsocial, "%' ");
end if;

if razonsocialigual<>"" then
  set @where = concat(@where, " and razonsocial = '",razonsocialigual, "' ");
end if;

if rtn<>"" then
  set @where = concat(@where, " and rtn = '",rtn,"' ");
end if;

set @sql = concat(@campos,@from,@where,@orden);

/*ejecucion de consulta*/
PREPARE stmt FROM @sql;
EXECUTE stmt;
DEALLOCATE PREPARE stmt;


END $$
/*!50003 SET SESSION SQL_MODE=@TEMP_SQL_MODE */  $$

DELIMITER ;

--
-- Definition of procedure `PersonaNatural_Buscar`
--

DROP PROCEDURE IF EXISTS `PersonaNatural_Buscar`;

DELIMITER $$

/*!50003 SET @TEMP_SQL_MODE=@@SQL_MODE, SQL_MODE='STRICT_TRANS_TABLES,NO_AUTO_CREATE_USER,NO_ENGINE_SUBSTITUTION' */ $$
CREATE DEFINER=`root`@`localhost` PROCEDURE `PersonaNatural_Buscar`(

/*defiicion de parametros*/
id nvarchar(11),
nombrecompleto nvarchar(120),
nombrecompletoigual nvarchar (120),
identificacion nvarchar(45),
tipoidentificacion nvarchar(1),
rtn nvarchar(18) 

)
BEGIN
/*defiicion de consulta*/
set @Campos="select ";
set @from=" ";
set @where=" where 1=1 ";
set @orden= "order by NombreCompleto ";
set @sql="";

set @campos= concat( @campos," * ");


set @from= concat(@from," from personasnaturales ");


/*defiicion de filtros*/
if id<>"" then
  set @where= concat(@where, " and id = ", id, " ");
end if;

if nombrecompleto<>"" then
  set @where = concat(@where, " and NombreCompleto like '",nombrecompleto, "%' ");
end if;

if nombrecompletoigual<>"" then
  set @where = concat(@where, " and NombreCompleto = '",nombrecompletoigual, "' ");
end if;




if tipoidentificacion<>"" then
  set @where = concat(@where, " and tipoidentidad = '",tipoidentificacion,"' ");
end if;

if identificacion<>"" then
  set @where = concat(@where, " and identificacion = '",identificacion,"' ");
end if;


if rtn<>"" then
  set @where = concat(@where, " and rtn = '",rtn,"´' ");
end if;



set @sql = concat(@campos,@from,@where,@orden);

/*ejecucion de consulta*/
PREPARE stmt FROM @sql;
EXECUTE stmt;
DEALLOCATE PREPARE stmt;


END $$
/*!50003 SET SESSION SQL_MODE=@TEMP_SQL_MODE */  $$

DELIMITER ;

--
-- Definition of procedure `ProductosImagenes_Mant`
--

DROP PROCEDURE IF EXISTS `ProductosImagenes_Mant`;

DELIMITER $$

/*!50003 SET @TEMP_SQL_MODE=@@SQL_MODE, SQL_MODE='STRICT_TRANS_TABLES,NO_AUTO_CREATE_USER,NO_ENGINE_SUBSTITUTION' */ $$
CREATE DEFINER=`root`@`localhost` PROCEDURE `ProductosImagenes_Mant`(

/*definicion de parametros*/

id int,
imagen longblob,
usu int,
fmodif datetime
)
BEGIN


set @conteo =0;
select count(c.id) from productosimagenes c where c.id=id into @conteo;

if @conteo =0 then

  INSERT INTO productosimagenes (id,imagen,usu,fmodif)
  VALUES(id,imagen,usu,fmodif);


else

  UPDATE productosimagenes c set
        c.imagen= imagen,
        c.usu=usu,
        c.fmodif = fmodif
  where c.id= id;

end if;
END $$
/*!50003 SET SESSION SQL_MODE=@TEMP_SQL_MODE */  $$

DELIMITER ;

--
-- Definition of procedure `Productos_Buscar`
--

DROP PROCEDURE IF EXISTS `Productos_Buscar`;

DELIMITER $$

/*!50003 SET @TEMP_SQL_MODE=@@SQL_MODE, SQL_MODE='STRICT_TRANS_TABLES,NO_AUTO_CREATE_USER,NO_ENGINE_SUBSTITUTION' */ $$
CREATE DEFINER=`root`@`localhost` PROCEDURE `Productos_Buscar`(


id nvarchar(11),
descripcion nvarchar(45),
codigo nvarchar(45),
codigoigual nvarchar(45)

)
BEGIN

set @Campos="select ";
set @from=" ";
set @where=" where 1=1 ";
set @orden= "order by descripcion ";
set @sql="";

set @campos= concat( @campos," * ");

set @from= concat(@from," from productos ");



if id<>"" then
  set @where= concat(@where, " and id = ", id, " ");
end if;

if descripcion<>"" then
  set @where = concat(@where, " and descripcion like '",descripcion, "%' ");
end if;

if codigo<>"" then
  set @where = concat(@where, " and codigo like '",codigo, "%' ");
end if;

if codigoigual<>"" then
  set @where = concat(@where, " and codigoigual = '",codigoigual, "' ");
end if;


set @sql = concat(@campos,@from,@where,@orden);


PREPARE stmt FROM @sql;
EXECUTE stmt;
DEALLOCATE PREPARE stmt;

END $$
/*!50003 SET SESSION SQL_MODE=@TEMP_SQL_MODE */  $$

DELIMITER ;

--
-- Definition of procedure `Productos_Mant`
--

DROP PROCEDURE IF EXISTS `Productos_Mant`;

DELIMITER $$

/*!50003 SET @TEMP_SQL_MODE=@@SQL_MODE, SQL_MODE='STRICT_TRANS_TABLES,NO_AUTO_CREATE_USER,NO_ENGINE_SUBSTITUTION' */ $$
CREATE DEFINER=`root`@`localhost` PROCEDURE `Productos_Mant`(

/*definicion de parametros*/

inout id int,
codigo nvarchar(45),
descripcion nvarchar(45),
preciocosto decimal(15,2),
precioventa decimal(15,2),
usu int,
fmodif datetime
)
BEGIN


set @conteo =0;
select count(c.id) from productos c where c.id=id into @conteo;

if @conteo =0 then

  INSERT INTO productos(codigo,descripcion,preciocosto,precioventa,usu,fmodif)

  VALUES(codigo,descripcion,preciocosto,precioventa,usu,fmodif);

  select last_insert_id() into id;

else

  UPDATE productos c set
        c.codigo=codigo,
        c.descripcion=descripcion,
        c.preciocosto=preciocosto,
        c.precioventa=precioventa,
        c.usu=usu,
        c.fmodif=fmodif
  where c.id= id;

end if;
END $$
/*!50003 SET SESSION SQL_MODE=@TEMP_SQL_MODE */  $$

DELIMITER ;

--
-- Definition of procedure `Proveedores_Buscar`
--

DROP PROCEDURE IF EXISTS `Proveedores_Buscar`;

DELIMITER $$

/*!50003 SET @TEMP_SQL_MODE=@@SQL_MODE, SQL_MODE='STRICT_TRANS_TABLES,STRICT_ALL_TABLES,NO_ZERO_IN_DATE,NO_ZERO_DATE,ERROR_FOR_DIVISION_BY_ZERO,TRADITIONAL,NO_AUTO_CREATE_USER' */ $$
CREATE DEFINER=`root`@`localhost` PROCEDURE `Proveedores_Buscar`(

/*defiicion de parametros*/
id nvarchar(11),
identidades nvarchar(11),
entidadnombre nvarchar(120),
espersonanatural nvarchar(1)
)
BEGIN
/*defiicion de consulta*/
set @Campos="select ";
set @from=" ";
set @where=" where 1=1 ";
set @orden= "order by c.id ";
set @join = " ";
set @sql="";

set @campos= concat( @campos," * ");

set @from= concat(@from," from proveedores c ");


/*defiicion de filtros*/
if id<>"" then
  set @where= concat(@where, " and c.id = ", id, " ");
end if;

if identidades<>"" then
  set @where = concat(@where, " and c.identidades = ",identidades," ");
end if;

if entidadnombre<>"" and espersonanatural <>""  then
  set @where = concat(@where, " and   e.entidadnombre like'",entidadnombre, "%' ");
end if;

if espersonanatural <>"" then
  set @join= concat(@join, " inner join ventidades e on e.IdEntidad=c.identidades and espersonanatural = ",espersonanatural);
end if;

set @sql = concat(@campos,@from,@join,@where,@orden);

/*ejecucion de consulta*/
PREPARE stmt FROM @sql;
EXECUTE stmt;
DEALLOCATE PREPARE stmt;


END $$
/*!50003 SET SESSION SQL_MODE=@TEMP_SQL_MODE */  $$

DELIMITER ;

--
-- Definition of procedure `Proveedores_Mant`
--

DROP PROCEDURE IF EXISTS `Proveedores_Mant`;

DELIMITER $$

/*!50003 SET @TEMP_SQL_MODE=@@SQL_MODE, SQL_MODE='STRICT_TRANS_TABLES,NO_AUTO_CREATE_USER,NO_ENGINE_SUBSTITUTION' */ $$
CREATE DEFINER=`root`@`localhost` PROCEDURE `Proveedores_Mant`(

/*definicion de parametros*/

inout id int,
identidades int,
idcontacto int,
usu int,
fmodif datetime
)
BEGIN


set @conteo =0;
select count(c.id) from proveedores c where c.id=id into @conteo;

if @conteo =0 then

  INSERT INTO proveedores(identidades,idcontacto,usu,fmodif)

  VALUES(identidades,idcontacto,usu,fmodif);

  select last_insert_id() into id;

else

  UPDATE proveedores c set
        c.identidades= identidades,
        c.idcontacto=idcontacto,
        c.usu=usu,
        c.fmodif=fmodif
  where c.id= id;

end if;


END $$
/*!50003 SET SESSION SQL_MODE=@TEMP_SQL_MODE */  $$

DELIMITER ;

--
-- Definition of procedure `Sucursales_Mant`
--

DROP PROCEDURE IF EXISTS `Sucursales_Mant`;

DELIMITER $$

/*!50003 SET @TEMP_SQL_MODE=@@SQL_MODE, SQL_MODE='STRICT_TRANS_TABLES,NO_AUTO_CREATE_USER,NO_ENGINE_SUBSTITUTION' */ $$
CREATE DEFINER=`root`@`localhost` PROCEDURE `Sucursales_Mant`(

/*definicion de parametros*/

inout id int,
identidades int,
estado int(1),
idusuario int(11),
idmunicipio int(11),
numerofactura int,
usu int,
fmodif datetime
)
BEGIN


set @conteo =0;
select count(c.id) from sucursales c where c.id=id into @conteo;

if @conteo =0 then

  INSERT INTO sucursales (identidades,estado,idusuario,idmunicipio,usu,fmodif,numerofactura)

  VALUES(identidades,estado,idusuario,idmunicipio,usu,fmodif,numerofactura);

  select last_insert_id() into id;

else

  UPDATE sucursales c set
        c.identidades= identidades,
        c.estado=estado,
        c.idusuario = idusuario,
        c.idmunicipio=idmunicipio,
        c.usu=usu,
        c.numerofactura=numerofactura,
        c.fmodif=fmodif
  where c.id= id;

end if;
END $$
/*!50003 SET SESSION SQL_MODE=@TEMP_SQL_MODE */  $$

DELIMITER ;

--
-- Definition of procedure `TiposFacturas_Buscar`
--

DROP PROCEDURE IF EXISTS `TiposFacturas_Buscar`;

DELIMITER $$

/*!50003 SET @TEMP_SQL_MODE=@@SQL_MODE, SQL_MODE='STRICT_TRANS_TABLES,STRICT_ALL_TABLES,NO_ZERO_IN_DATE,NO_ZERO_DATE,ERROR_FOR_DIVISION_BY_ZERO,TRADITIONAL,NO_AUTO_CREATE_USER' */ $$
CREATE DEFINER=`root`@`localhost` PROCEDURE `TiposFacturas_Buscar`(

/*defiicion de parametros*/
id nvarchar(11),
descripcion nvarchar(45)

)
BEGIN
/*defiicion de consulta*/
set @Campos="select ";
set @from=" ";
set @where=" where 1=1 ";
set @orden= "order by descripcion ";
set @sql="";

set @campos= concat( @campos," * ");

set @from= concat(@from," from tiposfacturas ");


/*defiicion de filtros*/
if id<>"" then
  set @where= concat(@where, " and id = ", id, " ");
end if;

if descripcion<>"" then
  set @where = concat(@where, " and descripcion like '",descripcion, "%' ");
end if;


set @sql = concat(@campos,@from,@where,@orden);

/*ejecucion de consulta*/
PREPARE stmt FROM @sql;
EXECUTE stmt;
DEALLOCATE PREPARE stmt;


END $$
/*!50003 SET SESSION SQL_MODE=@TEMP_SQL_MODE */  $$

DELIMITER ;

--
-- Definition of procedure `TiposFacturas_Mant`
--

DROP PROCEDURE IF EXISTS `TiposFacturas_Mant`;

DELIMITER $$

/*!50003 SET @TEMP_SQL_MODE=@@SQL_MODE, SQL_MODE='STRICT_TRANS_TABLES,NO_AUTO_CREATE_USER,NO_ENGINE_SUBSTITUTION' */ $$
CREATE DEFINER=`root`@`localhost` PROCEDURE `TiposFacturas_Mant`(

/*definicion de parametros*/

inout id int,
descripcion nvarchar(45),
habilitado int,
usu int,
fmodif date
)
BEGIN


set @conteo =0;
select count(id) from tiposfacturas t where t.id=id into @conteo;

if @conteo =0 then

  INSERT INTO tiposfacturas(descripcion,habilitado,usu,fmodif)

  VALUES(descripcion,habilitado,usu,fmodif);

  select last_insert_id() into id;

else

  UPDATE tiposfacturas c set
        c.descripcion= descripcion,
        c.habilitado =habilitado,
        c.usu=usu,
        c.fmodif=fmodif
  where c.id= id;

end if;


END $$
/*!50003 SET SESSION SQL_MODE=@TEMP_SQL_MODE */  $$

DELIMITER ;

--
-- Definition of procedure `TiposMotocicletas_Buscar`
--

DROP PROCEDURE IF EXISTS `TiposMotocicletas_Buscar`;

DELIMITER $$

/*!50003 SET @TEMP_SQL_MODE=@@SQL_MODE, SQL_MODE='STRICT_TRANS_TABLES,STRICT_ALL_TABLES,NO_ZERO_IN_DATE,NO_ZERO_DATE,ERROR_FOR_DIVISION_BY_ZERO,TRADITIONAL,NO_AUTO_CREATE_USER' */ $$
CREATE DEFINER=`root`@`localhost` PROCEDURE `TiposMotocicletas_Buscar`(

/*defiicion de parametros*/
id nvarchar(11),
descripcion nvarchar(45)

)
BEGIN
/*defiicion de consulta*/
set @Campos="select ";
set @from=" ";
set @where=" where 1=1 ";
set @orden= "order by descripcion ";
set @sql="";

set @campos= concat( @campos," * ");

set @from= concat(@from," from tiposmotocicletas ");


/*defiicion de filtros*/
if id<>"" then
  set @where= concat(@where, " and id = ", id, " ");
end if;

if descripcion<>"" then
  set @where = concat(@where, " and descripcion like '",descripcion, "%' ");
end if;


set @sql = concat(@campos,@from,@where,@orden);

/*ejecucion de consulta*/
PREPARE stmt FROM @sql;
EXECUTE stmt;
DEALLOCATE PREPARE stmt;


END $$
/*!50003 SET SESSION SQL_MODE=@TEMP_SQL_MODE */  $$

DELIMITER ;

--
-- Definition of procedure `TiposMotocicletas_Mant`
--

DROP PROCEDURE IF EXISTS `TiposMotocicletas_Mant`;

DELIMITER $$

/*!50003 SET @TEMP_SQL_MODE=@@SQL_MODE, SQL_MODE='STRICT_TRANS_TABLES,NO_AUTO_CREATE_USER,NO_ENGINE_SUBSTITUTION' */ $$
CREATE DEFINER=`root`@`localhost` PROCEDURE `TiposMotocicletas_Mant`(

/*definicion de parametros*/

inout id int,
descripcion nvarchar(45),
habilitado int,
usu int,
fmodif date
)
BEGIN


set @conteo =0;
select count(id) from tiposmotocicletas t  where t.id=id into @conteo;

if @conteo =0 then

  INSERT INTO tiposmotocicletas(descripcion,habilitado,usu,fmodif)

  VALUES(descripcion,habilitado,usu,fmodif);

  select last_insert_id() into id;

else

  UPDATE tiposmotocicletas c set
        c.descripcion= descripcion,
        c.habilitado =habilitado,
        c.usu=usu,
        c.fmodif=fmodif
  where c.id= id;

end if;


END $$
/*!50003 SET SESSION SQL_MODE=@TEMP_SQL_MODE */  $$

DELIMITER ;

--
-- Definition of procedure `TransaccionesProductos_Buscar`
--

DROP PROCEDURE IF EXISTS `TransaccionesProductos_Buscar`;

DELIMITER $$

/*!50003 SET @TEMP_SQL_MODE=@@SQL_MODE, SQL_MODE='STRICT_TRANS_TABLES,NO_AUTO_CREATE_USER,NO_ENGINE_SUBSTITUTION' */ $$
CREATE DEFINER=`root`@`localhost` PROCEDURE `TransaccionesProductos_Buscar`(

/*defiicion de parametros*/
id nvarchar(11),
idproductos nvarchar(11),
idsucursales nvarchar(11),
descripcion nvarchar(45),
codigo nvarchar(45)

)
BEGIN
/*defiicion de consulta*/
set @Campos="select ";
set @from=" ";
set @where=" where 1=1 ";
set @orden= "order by descripcion ";
set @join = "join inventario i on p.idproductos = i.idproductos";
set @sql="";

set @campos= concat( @campos," * ");

set @from= concat(@from," from vproductos p ");


/*defiicion de filtros*/
if id<>"" then
  set @where= concat(@where, " and i.id = ", id, " ");
end if;

/*defiicion de filtros*/
if idproductos>"" then
  set @join= concat(@join, " and p.idproductos = ", idproductos, " ");
end if;

/*defiicion de filtros*/
if idsucursales>"" then
  set @join= concat(@join, " and i.idsucursales = ", idsucursal, " ");
end if;

/*defiicion de filtros*/
if codigo>"" then
  set @join= concat(@join, " and p.codigo = '", codigo, "'  ");
end if;

/*defiicion de filtros*/
if descripcion>"" then
  set @join= concat(@join, " and p.descripcion like '", descripcion, "%'  ");
end if;


set @sql = concat(@campos,@from,@join,@where,@orden);

/*ejecucion de consulta*/
PREPARE stmt FROM @sql;
EXECUTE stmt;
DEALLOCATE PREPARE stmt;
END $$
/*!50003 SET SESSION SQL_MODE=@TEMP_SQL_MODE */  $$

DELIMITER ;

--
-- Definition of procedure `Usuarios_Mant`
--

DROP PROCEDURE IF EXISTS `Usuarios_Mant`;

DELIMITER $$

/*!50003 SET @TEMP_SQL_MODE=@@SQL_MODE, SQL_MODE='STRICT_TRANS_TABLES,NO_AUTO_CREATE_USER,NO_ENGINE_SUBSTITUTION' */ $$
CREATE DEFINER=`root`@`localhost` PROCEDURE `Usuarios_Mant`(

/*definicion de parametros*/

inout id int,
identidades int,
contrasena nvarchar(30),
usuario nvarchar(45),
estado int(1),
idrol int,
idsucursales int,
usu int,
fmodif datetime
)
BEGIN


set @conteo =0;
select count(c.id) from usuarios c where c.id=id into @conteo;

if @conteo =0 then

  INSERT INTO usuarios (identidades,contrasena,usuario,idrol,estado,idsucursales,usu,fmodif)

  VALUES(identidades,contrasena,usuario,idrol,estado,idsucursales,usu,fmodif);

  select last_insert_id() into id;

else

  UPDATE usuarios c set
        c.identidades= identidades,
        c.contrasena=contrasena,
        c.usuario = usuario,
        c.idrol=idrol,
        c.idsucursales=idsucursales,
        c.usu=usu,
        c.fmodif=fmodif,
        c.estado=estado

  where c.id= id;

end if;
END $$
/*!50003 SET SESSION SQL_MODE=@TEMP_SQL_MODE */  $$

DELIMITER ;

--
-- Definition of view `personasjuridicas`
--

DROP TABLE IF EXISTS `personasjuridicas`;
DROP VIEW IF EXISTS `personasjuridicas`;
CREATE ALGORITHM=UNDEFINED DEFINER=`root`@`localhost` SQL SECURITY DEFINER VIEW `personasjuridicas` AS select `entidades`.`entidadnombre` AS `RazonSocial`,`entidades`.`telefono` AS `telefono`,`entidades`.`direccion` AS `direccion`,`entidades`.`correo` AS `correo`,`entidades`.`RTN` AS `RTN`,`entidades`.`id` AS `id`,`entidades`.`telefono2` AS `telefono2` from `entidades` where (`entidades`.`espersonanatural` = 0);

--
-- Definition of view `personasnaturales`
--

DROP TABLE IF EXISTS `personasnaturales`;
DROP VIEW IF EXISTS `personasnaturales`;
CREATE ALGORITHM=UNDEFINED DEFINER=`root`@`localhost` SQL SECURITY DEFINER VIEW `personasnaturales` AS select `e`.`telefono` AS `telefono`,`e`.`direccion` AS `direccion`,`e`.`correo` AS `correo`,`e`.`RTN` AS `RTN`,`e`.`usu` AS `usu`,`e`.`fmodif` AS `fmodif`,`e`.`entidadnombre` AS `NombreCompleto`,`e`.`identificacion` AS `identificacion`,`e`.`tipoidentidad` AS `tipoidentidad`,`e`.`id` AS `id`,`e`.`telefono2` AS `telefono2` from `entidades` `e` where (`e`.`espersonanatural` = 1);

--
-- Definition of view `ventidades`
--

DROP TABLE IF EXISTS `ventidades`;
DROP VIEW IF EXISTS `ventidades`;
CREATE ALGORITHM=UNDEFINED DEFINER=`root`@`localhost` SQL SECURITY DEFINER VIEW `ventidades` AS select `entidades`.`id` AS `IdEntidad`,`entidades`.`telefono` AS `telefono`,`entidades`.`direccion` AS `direccion`,`entidades`.`correo` AS `correo`,`entidades`.`espersonanatural` AS `espersonanatural`,`entidades`.`RTN` AS `rtn`,`entidades`.`entidadnombre` AS `entidadnombre`,`entidades`.`identificacion` AS `identificacion`,`entidades`.`tipoidentidad` AS `tipoidentidad`,`entidades`.`telefono2` AS `telefono2` from `entidades`;

--
-- Definition of view `vproductos`
--

DROP TABLE IF EXISTS `vproductos`;
DROP VIEW IF EXISTS `vproductos`;
CREATE ALGORITHM=UNDEFINED DEFINER=`root`@`localhost` SQL SECURITY DEFINER VIEW `vproductos` AS select `productos`.`id` AS `idproductos`,`productos`.`codigo` AS `codigo`,`productos`.`descripcion` AS `descripcion`,`productos`.`precioventa` AS `precioventa`,`productos`.`usu` AS `usu`,`productos`.`fmodif` AS `fmodif` from `productos`;



/*!40101 SET SQL_MODE=@OLD_SQL_MODE */;
/*!40014 SET FOREIGN_KEY_CHECKS=@OLD_FOREIGN_KEY_CHECKS */;
/*!40014 SET UNIQUE_CHECKS=@OLD_UNIQUE_CHECKS */;
/*!40101 SET CHARACTER_SET_CLIENT=@OLD_CHARACTER_SET_CLIENT */;
/*!40101 SET CHARACTER_SET_RESULTS=@OLD_CHARACTER_SET_RESULTS */;
/*!40101 SET COLLATION_CONNECTION=@OLD_COLLATION_CONNECTION */;
/*!40101 SET CHARACTER_SET_CLIENT=@OLD_CHARACTER_SET_CLIENT */;
